transaction_id,user_id,product_id,shop_id,quantity,unit_price,total_amount,discount_percent,discount_amount,tax_percent,tax_amount,final_amount,payment_method,transaction_status,transaction_date,transaction_ts,delivery_date,delivery_address,notes
1,200,1868,8,3,2500.0,7500.0,5,375.0,8,570.0,7695.0,Credit Card,Completed,2024-06-12,2024-06-12 03:57:16.802800,2024-06-18 03:57:16.802800,"90834 Andrea Loaf, Lauraport, TX 50924",Order for Minimalist Wide Leg Polos
2,200,889,11,3,12500.0,37500.0,0,0.0,8,3000.0,40500.0,Credit Card,Completed,2024-10-22,2024-10-22 07:45:43.585170,2024-10-28 07:45:43.585170,"90834 Andrea Loaf, Lauraport, TX 50924",Order for Structured Statement Coats
3,55,85,9,3,12500.0,37500.0,0,0.0,8,3000.0,40500.0,Digital Wallet,Completed,2024-10-22,2024-10-22 17:52:03.165899,2024-10-29 17:52:03.165899,"5038 Chapman Plaza, Mcculloughland, GA 50825",Order for Statement Vintage Denim Jackets
4,295,1027,23,2,6000.0,12000.0,0,0.0,8,960.0,12960.0,Credit Card,Completed,2024-08-16,2024-08-16 22:17:24.772308,2024-08-23 22:17:24.772308,"943 Mary Locks Apt. 303, Mcphersonshire, MI 09670",Order for Edgy Sporty Sweatshirts
5,426,2311,12,1,4000.0,4000.0,0,0.0,8,320.0,4320.0,Credit Card,Completed,2024-10-14,2024-10-14 00:00:20.573230,2024-10-17 00:00:20.573230,"PSC 4238, Box 3323, APO AE 52683",Order for Refined Vintage Track Pants
6,239,283,11,3,4000.0,12000.0,0,0.0,8,960.0,12960.0,COD,Completed,2024-02-19,2024-02-19 21:53:08.985198,2024-02-24 21:53:08.985198,"17636 Lewis Gardens Suite 735, South Krista, GU 16864",Order for Statement Retro Sweatshirts
7,43,201,13,1,11500.0,11500.0,0,0.0,8,920.0,12420.0,Bank Transfer,Completed,2024-05-24,2024-05-24 00:51:04.598251,2024-05-27 00:51:04.598251,"461 Harvey Valleys, North Danielberg, MP 77233",Order for Neutral Comfy Coats
8,322,633,12,1,5000.0,5000.0,15,750.0,8,340.0,4590.0,COD,Completed,2024-07-28,2024-07-28 03:22:05.415036,2024-08-03 03:22:05.415036,"299 Fernando Fork Apt. 107, East Cristian, DE 60796",Order for Luxury Elegant Track Pants
9,409,689,24,2,4500.0,9000.0,0,0.0,8,720.0,9720.0,Debit Card,Completed,2024-06-23,2024-06-23 14:05:13.969236,2024-06-29 14:05:13.969236,"089 Knight Ranch Suite 833, East Thomasmouth, UT 79582",Order for Lightweight Camo Sweatshirts
10,174,1243,14,3,3500.0,10500.0,0,0.0,8,840.0,11340.0,Debit Card,Completed,2024-04-30,2024-04-30 00:25:12.350876,2024-05-05 00:25:12.350876,"673 Shepherd Greens, Port Jonathanville, AK 09457",Order for Heritage Heritage Track Pants
11,301,2324,20,2,5000.0,10000.0,0,0.0,8,800.0,10800.0,Credit Card,Completed,2024-06-22,2024-06-22 13:12:39.558331,2024-06-28 13:12:39.558331,"905 Nelson Circles, Thomashaven, RI 94107",Order for Layered Oversized Joggers & Pants
12,105,98,10,3,4500.0,13500.0,5,675.0,8,1026.0,13851.0,Debit Card,Completed,2024-02-02,2024-02-02 21:21:43.217995,2024-02-07 21:21:43.217995,"5786 Drew Road Apt. 879, North Heathertown, ID 15970",Order for Textured Soft Oversize Tee
13,413,1496,21,2,3500.0,7000.0,5,350.0,8,532.0,7182.0,Credit Card,Completed,2024-08-28,2024-08-28 09:46:06.528109,2024-09-02 09:46:06.528109,"715 Kristina Square Suite 223, Timothymouth, AR 53215",Order for Essential Heritage Sweatshirts
14,109,1469,18,1,5000.0,5000.0,15,750.0,8,340.0,4590.0,COD,Completed,2024-02-02,2024-02-02 10:45:14.175801,2024-02-08 10:45:14.175801,"214 Rebecca Forges, Harrisonborough, WV 97997",Order for Bold Chic Oversize Tee
15,248,1711,21,2,3500.0,7000.0,15,1050.0,8,476.0,6426.0,Bank Transfer,Completed,2024-01-03,2024-01-03 21:38:38.713149,2024-01-09 21:38:38.713149,"36398 Allen Square Apt. 795, Foleyport, MT 60969",Order for Smart Heritage Joggers & Pants
16,463,1298,2,3,5000.0,15000.0,0,0.0,8,1200.0,16200.0,Credit Card,Completed,2024-08-25,2024-08-25 06:32:09.079645,2024-08-27 06:32:09.079645,"37871 Ryan Forest Suite 342, Amandaberg, AR 18011",Order for Neutral Chic Track Pants
17,148,1766,15,3,2500.0,7500.0,5,375.0,8,570.0,7695.0,Bank Transfer,Completed,2024-10-17,2024-10-17 15:16:54.836246,2024-10-19 15:16:54.836246,"4329 James Mount Apt. 502, New Peter, NC 15765",Order for Rustic Rustic Polos
18,209,1267,11,3,15000.0,45000.0,0,0.0,8,3600.0,48600.0,Debit Card,Completed,2024-05-28,2024-05-28 13:23:30.997882,2024-05-30 13:23:30.997882,"8443 Conner Union Suite 772, Kellystad, NM 85205",Order for Smart Trendy Cardigans
19,434,1567,24,2,4500.0,9000.0,0,0.0,8,720.0,9720.0,Debit Card,Completed,2024-03-30,2024-03-30 13:30:33.637943,2024-04-05 13:30:33.637943,"7917 Wilkinson Stream Suite 236, Alexandraborough, WY 77837",Order for Casual Luxury Track Pants
20,257,2045,22,3,8500.0,25500.0,0,0.0,8,2040.0,27540.0,Credit Card,Completed,2024-09-26,2024-09-26 01:51:39.660133,2024-09-30 01:51:39.660133,"607 Amy Mission Suite 297, Andreaside, IN 92391",Order for Textured Refined Coats
21,260,831,13,1,4000.0,4000.0,15,600.0,8,272.0,3672.0,COD,Completed,2024-08-31,2024-08-31 17:35:02.005277,2024-09-07 17:35:02.005277,"17207 Kathryn Mission, Port Janice, AZ 81558",Order for Dynamic Chic Tanks
22,293,1291,7,3,5000.0,15000.0,0,0.0,8,1200.0,16200.0,Bank Transfer,Completed,2024-02-09,2024-02-09 23:55:39.255126,2024-02-14 23:55:39.255126,"1084 Mccoy Mews, New Jason, OR 99078",Order for Tailored Bright T-Shirts
23,300,1974,4,1,10000.0,10000.0,0,0.0,8,800.0,10800.0,COD,Completed,2024-01-31,2024-01-31 22:03:36.513322,2024-02-06 22:03:36.513322,"738 Mathis Court Suite 114, Lindastad, GU 92579",Order for Urban Dynamic Blazers
24,343,1009,3,2,11000.0,22000.0,0,0.0,8,1760.0,23760.0,Bank Transfer,Completed,2024-08-02,2024-08-02 19:59:56.445498,2024-08-08 19:59:56.445498,"948 Taylor Centers, Lake Mike, GA 32253",Order for Rustic Oversized Kimono
25,292,1339,5,1,15000.0,15000.0,0,0.0,8,1200.0,16200.0,Credit Card,Completed,2024-06-17,2024-06-17 16:13:41.942000,2024-06-20 16:13:41.942000,"68466 Daniel Fords Suite 830, Janetland, TN 84643",Order for Vintage Relaxed Hoodies & Jackets
26,226,1025,7,2,4500.0,9000.0,5,450.0,8,684.0,9234.0,Bank Transfer,Pending,2024-06-27,2024-06-27 16:17:20.427064,2024-07-02 16:17:20.427064,"830 Shawn Center Apt. 903, Chaneyfurt, OK 16545",Order for Vintage Chic Track Pants
27,416,1749,11,2,8000.0,16000.0,10,1600.0,8,1152.0,15552.0,Credit Card,Completed,2024-06-19,2024-06-19 03:04:44.087775,2024-06-21 03:04:44.087775,"13469 Mariah Drives Suite 513, Thompsonville, MN 01290",Order for Tailored Essential Denim Jackets
28,245,445,14,3,3500.0,10500.0,10,1050.0,8,756.0,10206.0,Credit Card,Completed,2024-09-24,2024-09-24 07:52:07.599836,2024-09-26 07:52:07.599836,"55116 Brittany Well Apt. 599, Laurenhaven, WY 33773",Order for Edgy Relaxed Oversize Tee
29,450,335,14,1,11000.0,11000.0,10,1100.0,8,792.0,10692.0,Credit Card,Completed,2024-01-30,2024-01-30 16:53:29.300762,2024-02-01 16:53:29.300762,"34115 Benjamin Fork, Rubenland, KY 35071",Order for Refined Luxury Hoodies & Jackets
30,332,934,1,2,4000.0,8000.0,0,0.0,8,640.0,8640.0,Credit Card,Completed,2024-08-22,2024-08-22 12:21:43.526540,2024-08-26 12:21:43.526540,"112 Jessica Point, North Rachel, PW 61568",Order for Smart Bright Beach Wear
31,257,2043,11,2,9000.0,18000.0,0,0.0,8,1440.0,19440.0,Debit Card,Completed,2024-09-17,2024-09-17 17:17:08.939225,2024-09-24 17:17:08.939225,"607 Amy Mission Suite 297, Andreaside, IN 92391",Order for Vintage Heritage Coats
32,95,387,3,1,2500.0,2500.0,0,0.0,8,200.0,2700.0,Credit Card,Completed,2024-02-16,2024-02-16 16:16:56.131944,2024-02-20 16:16:56.131944,"467 Ryan Glen Suite 618, New Karishire, WI 75246",Order for Retro Smart Tanks
33,241,1197,13,1,14500.0,14500.0,0,0.0,8,1160.0,15660.0,Digital Wallet,Completed,2024-06-23,2024-06-23 16:52:49.098322,2024-06-26 16:52:49.098322,"942 Benjamin Vista Suite 054, Port Jonathantown, FM 97817",Order for Slim Fit Oversized Utility Pants
34,438,2421,17,2,3500.0,7000.0,0,0.0,8,560.0,7560.0,Credit Card,Completed,2024-10-06,2024-10-06 10:30:38.484732,2024-10-08 10:30:38.484732,"9382 Ann Way Apt. 535, North Lisatown, ND 53974",Order for Minimalist Vintage Track Pants
35,379,1974,4,3,10000.0,30000.0,0,0.0,8,2400.0,32400.0,Debit Card,Completed,2024-02-22,2024-02-22 21:04:26.332212,2024-02-29 21:04:26.332212,"4899 Walls Locks Suite 573, New Michelle, AK 14589",Order for Urban Dynamic Blazers
36,446,1631,15,3,5500.0,16500.0,0,0.0,8,1320.0,17820.0,COD,Completed,2024-01-26,2024-01-26 05:28:32.088563,2024-02-02 05:28:32.088563,"015 Stacy Club Apt. 606, Nancyshire, PA 72209",Order for Minimalist Oversized Chinos
37,372,1210,19,1,3500.0,3500.0,0,0.0,8,280.0,3780.0,Bank Transfer,Completed,2024-04-09,2024-04-09 20:53:54.553191,2024-04-11 20:53:54.553191,"343 Brianna Branch, East Joseph, OR 94321",Order for Sporty Chic Beach Wear
38,3,149,7,1,9000.0,9000.0,0,0.0,8,720.0,9720.0,Credit Card,Completed,2024-02-02,2024-02-02 03:23:07.468954,2024-02-07 03:23:07.468954,"23191 Tonya Court Suite 106, West Brandon, MI 79827",Order for Smart Elegant Cardigans
39,136,2014,23,3,13000.0,39000.0,0,0.0,8,3120.0,42120.0,Bank Transfer,Completed,2024-06-08,2024-06-08 17:35:20.299724,2024-06-13 17:35:20.299724,"7035 Roberts Port, New Kimberly, NE 75652",Order for Wide Leg Refined Blazers
40,81,1079,15,3,2500.0,7500.0,0,0.0,8,600.0,8100.0,Bank Transfer,Completed,2024-06-02,2024-06-02 09:28:44.171675,2024-06-05 09:28:44.171675,"397 Amy Well Suite 957, Diazchester, OK 00805",Order for Structured Oversized Track Pants
41,99,1749,11,1,8000.0,8000.0,0,0.0,8,640.0,8640.0,Bank Transfer,Completed,2024-02-13,2024-02-13 21:19:11.931874,2024-02-20 21:19:11.931874,"388 Stone Village Suite 221, Oconnellborough, DC 74161",Order for Tailored Essential Denim Jackets
42,295,1801,2,2,4500.0,9000.0,0,0.0,8,720.0,9720.0,Bank Transfer,Completed,2024-09-20,2024-09-20 21:09:18.585240,2024-09-22 21:09:18.585240,"943 Mary Locks Apt. 303, Mcphersonshire, MI 09670",Order for Minimalist Statement Shorts
43,27,386,24,1,4000.0,4000.0,0,0.0,8,320.0,4320.0,Credit Card,Pending,2024-04-24,2024-04-24 10:18:19.128443,2024-04-30 10:18:19.128443,"2464 Jimmy Harbor, Lake Andrea, WA 42286",Order for Luxury Luxury Joggers & Pants
44,319,758,14,3,3000.0,9000.0,0,0.0,8,720.0,9720.0,Credit Card,Completed,2024-07-12,2024-07-12 01:30:33.638708,2024-07-16 01:30:33.638708,"0402 Rush Flats, New Nicholas, OK 77929",Order for Soft Elegant Oversize Tee
45,17,1919,21,2,14500.0,29000.0,5,1450.0,8,2204.0,29754.0,Bank Transfer,Completed,2024-07-05,2024-07-05 19:11:44.481340,2024-07-10 19:11:44.481340,"6959 Robin Underpass Apt. 046, Whitestad, UT 00507",Order for Oversized Camo Blazers
46,139,2135,2,2,14000.0,28000.0,0,0.0,8,2240.0,30240.0,Debit Card,Completed,2024-10-12,2024-10-12 21:01:06.747979,2024-10-14 21:01:06.747979,"5167 Gonzalez Causeway Suite 981, Port Michael, ME 98000",Order for Rustic Bold Cardigans
47,404,2429,21,3,6000.0,18000.0,15,2700.0,8,1224.0,16524.0,Credit Card,Completed,2024-02-23,2024-02-23 09:07:39.047721,2024-02-26 09:07:39.047721,"449 Russell Well, North Kristin, MN 12113",Order for Lightweight Statement Chinos
48,204,1872,14,2,3000.0,6000.0,0,0.0,8,480.0,6480.0,Digital Wallet,Completed,2024-01-25,2024-01-25 09:45:37.606840,2024-01-30 09:45:37.606840,"016 Smith Islands Apt. 954, Aaronland, AR 10823",Order for Bright Wide Leg Joggers & Pants
49,172,393,14,1,8000.0,8000.0,0,0.0,8,640.0,8640.0,Credit Card,Completed,2024-08-08,2024-08-08 08:43:28.925631,2024-08-12 08:43:28.925631,"7770 Thornton Street Apt. 642, Pamelaville, AS 93054",Order for Preppy Sporty Hoodies & Jackets
50,86,744,19,1,2500.0,2500.0,0,0.0,8,200.0,2700.0,Debit Card,Completed,2024-04-10,2024-04-10 22:51:29.576993,2024-04-17 22:51:29.576993,"558 Johnson Well, New Melissamouth, LA 42051",Order for Rustic Trendy T-Shirts
51,189,1631,15,3,5500.0,16500.0,0,0.0,8,1320.0,17820.0,Debit Card,Returned,2024-01-07,2024-01-07 03:22:26.233200,2024-01-11 03:22:26.233200,"8073 Alex Common Suite 225, Lake Tammy, CT 90169",Order for Minimalist Oversized Chinos
52,103,1326,16,2,4000.0,8000.0,10,800.0,8,576.0,7776.0,Debit Card,Completed,2024-07-25,2024-07-25 19:53:02.660546,2024-07-27 19:53:02.660546,"7622 Jones Wells, Barrside, TX 79095",Order for Preppy Comfy Shorts
53,208,959,2,3,11000.0,33000.0,0,0.0,8,2640.0,35640.0,Credit Card,Completed,2024-03-26,2024-03-26 20:31:36.234595,2024-03-30 20:31:36.234595,"59523 Roberts Square Suite 976, East Brianville, MT 02596",Order for Heritage Statement Kimono
54,492,760,14,3,4500.0,13500.0,5,675.0,8,1026.0,13851.0,Credit Card,Returned,2024-09-19,2024-09-19 06:33:17.150079,2024-09-26 06:33:17.150079,"7426 Palmer Fall, Port Christinefurt, PW 12515",Order for Comfy Luxury Tanks
55,41,672,2,1,4500.0,4500.0,0,0.0,8,360.0,4860.0,COD,Completed,2024-08-16,2024-08-16 05:51:26.848734,2024-08-22 05:51:26.848734,"7380 Lisa Via, New Annaberg, OH 04415",Order for Rustic Sporty Beach Wear
56,104,523,10,1,13000.0,13000.0,0,0.0,8,1040.0,14040.0,Digital Wallet,Cancelled,2024-05-21,2024-05-21 15:39:41.686049,,"4199 Samantha Crossroad Suite 327, Marvinport, DC 86655",Order for Slim Fit Classic Utility Pants
57,241,168,17,1,12000.0,12000.0,0,0.0,8,960.0,12960.0,Credit Card,Completed,2024-09-21,2024-09-21 22:22:09.400916,2024-09-23 22:22:09.400916,"942 Benjamin Vista Suite 054, Port Jonathantown, FM 97817",Order for Lightweight Textured Kimono
58,279,2241,5,3,4000.0,12000.0,0,0.0,8,960.0,12960.0,Debit Card,Cancelled,2024-02-07,2024-02-07 17:04:08.664312,,"USNV Martinez, FPO AP 10899",Order for Heritage Retro Oversize Tee
59,412,106,24,2,9000.0,18000.0,10,1800.0,8,1296.0,17496.0,Credit Card,Completed,2024-05-06,2024-05-06 09:07:45.958456,2024-05-13 09:07:45.958456,"4628 Hickman Springs, North Johnshire, CA 65585",Order for Preppy Functional Hoodies & Jackets
60,86,593,11,3,2500.0,7500.0,0,0.0,8,600.0,8100.0,Debit Card,Pending,2024-01-02,2024-01-02 03:22:04.192788,2024-01-04 03:22:04.192788,"558 Johnson Well, New Melissamouth, LA 42051",Order for Trendy Urban Polos
61,27,1233,14,1,13500.0,13500.0,0,0.0,8,1080.0,14580.0,Bank Transfer,Completed,2024-10-01,2024-10-01 23:30:44.159769,2024-10-04 23:30:44.159769,"2464 Jimmy Harbor, Lake Andrea, WA 42286",Order for Minimalist Essential Blazers
62,145,2228,17,3,5000.0,15000.0,0,0.0,8,1200.0,16200.0,Credit Card,Completed,2024-09-04,2024-09-04 00:10:23.713198,2024-09-09 00:10:23.713198,"5057 Richard Wells Apt. 615, Hartport, OH 61352",Order for Classic Bright Polos
63,107,1210,19,2,3500.0,7000.0,0,0.0,8,560.0,7560.0,Bank Transfer,Completed,2024-07-25,2024-07-25 23:27:07.055789,2024-08-01 23:27:07.055789,"578 Diane Locks, Wardview, AR 02745",Order for Sporty Chic Beach Wear
64,431,1534,20,2,5000.0,10000.0,10,1000.0,8,720.0,9720.0,Credit Card,Completed,2024-10-13,2024-10-13 16:11:46.806237,2024-10-16 16:11:46.806237,"09437 Devin Oval, Karenport, ID 42205",Order for Modern Casual Beach Wear
65,373,923,8,3,13500.0,40500.0,0,0.0,8,3240.0,43740.0,Credit Card,Completed,2024-10-15,2024-10-15 01:19:51.207590,2024-10-22 01:19:51.207590,"18300 Shannon Views, Smithbury, FM 97892",Order for Retro Vintage Kimono
66,73,1314,12,1,4500.0,4500.0,5,225.0,8,342.0,4617.0,COD,Completed,2024-09-12,2024-09-12 14:50:38.074760,2024-09-15 14:50:38.074760,"2054 Thomas Inlet Apt. 602, Emilyfurt, AS 91502",Order for Neutral Modern Track Pants
67,453,2217,6,2,3500.0,7000.0,0,0.0,8,560.0,7560.0,Debit Card,Completed,2024-02-04,2024-02-04 19:16:01.082889,2024-02-10 19:16:01.082889,"PSC 1027, Box 1088, APO AP 20547",Order for Smart Tailored Tanks
68,250,1101,23,1,10000.0,10000.0,0,0.0,8,800.0,10800.0,COD,Completed,2024-06-26,2024-06-26 16:11:26.157784,2024-07-03 16:11:26.157784,"43431 Cannon Village Apt. 237, Brownshire, IL 21534",Order for Functional Retro Kimono
69,109,1563,22,3,9500.0,28500.0,0,0.0,8,2280.0,30780.0,Credit Card,Completed,2024-04-20,2024-04-20 17:56:47.528988,2024-04-23 17:56:47.528988,"214 Rebecca Forges, Harrisonborough, WV 97997",Order for Structured Statement Utility Pants
70,312,1118,15,2,4500.0,9000.0,0,0.0,8,720.0,9720.0,COD,Completed,2024-01-10,2024-01-10 08:22:30.094271,2024-01-15 08:22:30.094271,"972 Adams Summit Apt. 896, Connieland, LA 11279",Order for Oversized Tailored Beach Wear
71,206,1932,1,2,2500.0,5000.0,0,0.0,8,400.0,5400.0,Credit Card,Cancelled,2024-07-22,2024-07-22 15:30:51.865733,,"129 Parker Dam, East Diana, FL 01130",Order for Slim Fit Patterned Oversize Tee
72,301,791,7,3,3000.0,9000.0,0,0.0,8,720.0,9720.0,Bank Transfer,Completed,2024-03-15,2024-03-15 10:24:13.793090,2024-03-18 10:24:13.793090,"905 Nelson Circles, Thomashaven, RI 94107",Order for Tailored Relaxed Sweatshirts
73,369,1546,21,1,2500.0,2500.0,0,0.0,8,200.0,2700.0,Credit Card,Completed,2024-10-09,2024-10-09 15:35:56.382132,2024-10-11 15:35:56.382132,"9974 Jose Mission, Helenchester, CA 91320",Order for Essential Tailored Shorts
74,296,2467,19,1,3500.0,3500.0,0,0.0,8,280.0,3780.0,Digital Wallet,Completed,2024-08-08,2024-08-08 21:57:41.515655,2024-08-14 21:57:41.515655,"8834 Garcia Forges, Lake Markstad, NM 03877",Order for Bright Preppy T-Shirts
75,295,32,10,2,4000.0,8000.0,5,400.0,8,608.0,8208.0,Credit Card,Completed,2024-07-24,2024-07-24 00:43:29.408103,2024-07-28 00:43:29.408103,"943 Mary Locks Apt. 303, Mcphersonshire, MI 09670",Order for Structured Comfy Chinos
76,21,1870,1,1,15000.0,15000.0,0,0.0,8,1200.0,16200.0,Credit Card,Completed,2024-04-15,2024-04-15 09:13:09.020731,2024-04-17 09:13:09.020731,"8153 Alan Mills, Katieside, MO 43065",Order for Elegant Layered Cardigans
77,112,855,8,2,14000.0,28000.0,10,2800.0,8,2016.0,27216.0,Bank Transfer,Completed,2024-02-25,2024-02-25 12:27:07.408369,2024-02-28 12:27:07.408369,"834 Ann Spur, Brooksmouth, IN 16385",Order for Minimalist Structured Utility Pants
78,326,2034,17,2,12500.0,25000.0,0,0.0,8,2000.0,27000.0,Debit Card,Completed,2024-02-10,2024-02-10 22:47:10.711864,2024-02-17 22:47:10.711864,"26764 Brenda Mountain, Lake Ryan, OH 87429",Order for Textured Dynamic Utility Pants
79,108,636,8,1,15000.0,15000.0,0,0.0,8,1200.0,16200.0,Bank Transfer,Completed,2024-06-22,2024-06-22 17:20:12.891102,2024-06-25 17:20:12.891102,"Unit 2835 Box 7952, DPO AP 50771",Order for Structured Soft Utility Pants
80,432,380,23,3,8000.0,24000.0,0,0.0,8,1920.0,25920.0,Digital Wallet,Completed,2024-05-16,2024-05-16 12:48:16.277967,2024-05-22 12:48:16.277967,"757 Foley Village Apt. 750, Curtismouth, AL 45656",Order for Retro Comfy Hoodies & Jackets
81,291,1995,14,1,10000.0,10000.0,0,0.0,8,800.0,10800.0,Credit Card,Completed,2024-04-27,2024-04-27 09:05:43.212801,2024-04-29 09:05:43.212801,"34294 Raymond Parks Suite 934, Lake Amandamouth, LA 08886",Order for Relaxed Urban Kimono
82,273,1878,24,3,4500.0,13500.0,5,675.0,8,1026.0,13851.0,Bank Transfer,Completed,2024-04-30,2024-04-30 05:07:37.333345,2024-05-02 05:07:37.333345,"863 Olson Bridge Suite 448, Hendersonstad, PA 65640",Order for Layered Soft Chinos
83,95,156,5,1,3000.0,3000.0,5,150.0,8,228.0,3078.0,COD,Completed,2024-03-31,2024-03-31 01:01:47.282287,2024-04-02 01:01:47.282287,"467 Ryan Glen Suite 618, New Karishire, WI 75246",Order for Textured Edgy Track Pants
84,117,203,18,1,2500.0,2500.0,0,0.0,8,200.0,2700.0,Credit Card,Completed,2024-03-27,2024-03-27 17:37:11.608645,2024-04-01 17:37:11.608645,"47361 Meagan Locks Suite 578, Sandersbury, ND 81106",Order for Comfy Chic Joggers & Pants
85,450,462,8,3,11000.0,33000.0,0,0.0,8,2640.0,35640.0,Credit Card,Completed,2024-04-15,2024-04-15 18:39:57.668558,2024-04-17 18:39:57.668558,"34115 Benjamin Fork, Rubenland, KY 35071",Order for Layered Bright Blazers
86,463,1319,12,2,3000.0,6000.0,0,0.0,8,480.0,6480.0,COD,Completed,2024-07-10,2024-07-10 03:54:42.510331,2024-07-13 03:54:42.510331,"37871 Ryan Forest Suite 342, Amandaberg, AR 18011",Order for Vintage Patterned Beach Wear
87,449,2300,10,3,5000.0,15000.0,0,0.0,8,1200.0,16200.0,Credit Card,Completed,2024-03-28,2024-03-28 06:14:09.795986,2024-04-03 06:14:09.795986,"51500 Cline Springs, Amyborough, ID 79008",Order for Layered Trendy Beach Wear
88,20,1105,15,3,10000.0,30000.0,10,3000.0,8,2160.0,29160.0,Bank Transfer,Completed,2024-06-17,2024-06-17 10:28:00.199655,2024-06-19 10:28:00.199655,"6554 Eric Union Suite 994, Hessfort, WI 90807",Order for Structured Sporty Kimono
89,62,362,12,2,10500.0,21000.0,0,0.0,8,1680.0,22680.0,Debit Card,Completed,2024-07-22,2024-07-22 20:02:43.626011,2024-07-26 20:02:43.626011,"764 Cox Canyon Suite 058, New Matthew, IL 47409",Order for Statement Casual Utility Pants
90,417,1468,18,2,3000.0,6000.0,0,0.0,8,480.0,6480.0,Debit Card,Pending,2024-03-01,2024-03-01 15:36:32.089029,2024-03-07 15:36:32.089029,"9571 Cory Skyway Apt. 162, North Dylan, CT 90861",Order for Elegant Chic T-Shirts
91,202,68,3,1,14000.0,14000.0,0,0.0,8,1120.0,15120.0,Bank Transfer,Completed,2024-06-23,2024-06-23 01:58:10.631338,2024-06-30 01:58:10.631338,"478 Rebecca Stravenue Suite 985, East Jamesport, GU 12053",Order for Patterned Functional Kimono
92,477,1872,14,1,3000.0,3000.0,0,0.0,8,240.0,3240.0,Debit Card,Completed,2024-09-19,2024-09-19 16:52:14.289510,2024-09-25 16:52:14.289510,"Unit 1851 Box 2102, DPO AP 72266",Order for Bright Wide Leg Joggers & Pants
93,111,209,20,3,2500.0,7500.0,0,0.0,8,600.0,8100.0,Credit Card,Cancelled,2024-06-11,2024-06-11 03:53:48.803439,,"475 Daniel Pike, Johnside, NM 76690",Order for Wide Leg Layered Oversize Tee
94,166,340,9,3,14500.0,43500.0,0,0.0,8,3480.0,46980.0,Credit Card,Cancelled,2024-04-29,2024-04-29 23:08:27.155277,,"676 Sarah Estate, North Shane, WY 95071",Order for Chic Wide Leg Denim Jackets
95,134,413,13,3,4000.0,12000.0,0,0.0,8,960.0,12960.0,Credit Card,Completed,2024-05-12,2024-05-12 05:14:03.004621,2024-05-17 05:14:03.004621,"8917 Steve Hill, Fostertown, AK 23789",Order for Bright Wide Leg Oversize Tee
96,275,921,23,1,14000.0,14000.0,0,0.0,8,1120.0,15120.0,Credit Card,Cancelled,2024-02-13,2024-02-13 20:18:58.047399,,"392 Mendoza Center Apt. 182, Sabrinashire, ID 45505",Order for Elegant Preppy Cardigans
97,44,816,5,1,2500.0,2500.0,0,0.0,8,200.0,2700.0,Digital Wallet,Returned,2024-02-10,2024-02-10 11:01:34.437755,2024-02-17 11:01:34.437755,"87633 Madison Spurs Suite 125, Wernerhaven, MD 62610",Order for Rustic Structured Shorts
98,182,1619,1,3,15000.0,45000.0,0,0.0,8,3600.0,48600.0,Bank Transfer,Completed,2024-10-15,2024-10-15 23:45:46.398094,2024-10-19 23:45:46.398094,"067 Heidi Street Apt. 226, Chenland, MO 39326",Order for Refined Essential Hoodies & Jackets
99,139,1880,9,2,3500.0,7000.0,15,1050.0,8,476.0,6426.0,Bank Transfer,Completed,2024-08-30,2024-08-30 11:11:48.585709,2024-09-01 11:11:48.585709,"5167 Gonzalez Causeway Suite 981, Port Michael, ME 98000",Order for Functional Neutral Oversize Tee
100,322,535,23,1,6000.0,6000.0,5,300.0,8,456.0,6156.0,Debit Card,Completed,2024-03-02,2024-03-02 10:21:37.606597,2024-03-04 10:21:37.606597,"299 Fernando Fork Apt. 107, East Cristian, DE 60796",Order for Preppy Elegant Sweatshirts
101,112,949,6,2,4000.0,8000.0,10,800.0,8,576.0,7776.0,Credit Card,Completed,2024-03-12,2024-03-12 15:19:01.403466,2024-03-19 15:19:01.403466,"834 Ann Spur, Brooksmouth, IN 16385",Order for Soft Layered Sweatshirts
102,219,741,8,3,15000.0,45000.0,0,0.0,8,3600.0,48600.0,COD,Pending,2024-03-01,2024-03-01 10:43:02.428403,2024-03-03 10:43:02.428403,"596 Smith Inlet, Andrewbury, VI 45754",Order for Camo Chic Kimono
103,494,1584,21,3,3000.0,9000.0,10,900.0,8,648.0,8748.0,Debit Card,Completed,2024-02-28,2024-02-28 16:48:23.905215,2024-03-04 16:48:23.905215,"32232 Nelson Way, North Josephside, LA 33156",Order for Trendy Layered Beach Wear
104,198,2441,6,3,4500.0,13500.0,0,0.0,8,1080.0,14580.0,Debit Card,Completed,2024-02-22,2024-02-22 07:25:37.298499,2024-02-25 07:25:37.298499,"9773 Gregory Run, South Williamburgh, NY 99937",Order for Functional Dynamic Polos
105,198,41,4,2,4500.0,9000.0,0,0.0,8,720.0,9720.0,Debit Card,Completed,2024-08-08,2024-08-08 09:34:27.762336,2024-08-11 09:34:27.762336,"9773 Gregory Run, South Williamburgh, NY 99937",Order for Classic Tailored T-Shirts
106,245,709,16,2,11500.0,23000.0,0,0.0,8,1840.0,24840.0,Credit Card,Completed,2024-09-29,2024-09-29 18:39:50.963296,2024-10-01 18:39:50.963296,"55116 Brittany Well Apt. 599, Laurenhaven, WY 33773",Order for Essential Refined Coats
107,114,1944,1,3,11500.0,34500.0,5,1725.0,8,2622.0,35397.0,Debit Card,Cancelled,2024-08-30,2024-08-30 13:42:42.131428,,"8750 Hernandez Loop, West Chadburgh, VI 89363",Order for Lightweight Tailored Utility Pants
108,338,1346,11,3,5000.0,15000.0,0,0.0,8,1200.0,16200.0,Credit Card,Completed,2024-03-29,2024-03-29 20:52:42.866258,2024-04-04 20:52:42.866258,"8175 Lisa Hills Apt. 165, Susanside, NY 11722",Order for Dynamic Tailored Beach Wear
109,330,2104,24,2,9000.0,18000.0,5,900.0,8,1368.0,18468.0,Digital Wallet,Completed,2024-04-23,2024-04-23 14:47:16.522854,2024-04-29 14:47:16.522854,"83190 Michelle Manor Suite 929, West Travishaven, AS 28238",Order for Wide Leg Dynamic Denim Jackets
110,289,582,19,2,6000.0,12000.0,10,1200.0,8,864.0,11664.0,Digital Wallet,Completed,2024-03-29,2024-03-29 14:59:21.393710,2024-04-02 14:59:21.393710,"1917 White Stream, Port James, TN 46256",Order for Soft Trendy Beach Wear
111,84,508,1,1,14000.0,14000.0,0,0.0,8,1120.0,15120.0,Bank Transfer,Completed,2024-04-20,2024-04-20 01:53:37.438439,2024-04-22 01:53:37.438439,"25271 Phillips Estates, East Deborah, AZ 13550",Order for Retro Neutral Utility Pants
112,499,1246,22,1,12000.0,12000.0,0,0.0,8,960.0,12960.0,Debit Card,Completed,2024-04-10,2024-04-10 11:04:04.282179,2024-04-14 11:04:04.282179,"Unit 5993 Box 5499, DPO AP 45316",Order for Comfy Casual Hoodies & Jackets
113,294,2004,2,2,14500.0,29000.0,15,4350.0,8,1972.0,26622.0,COD,Completed,2024-01-03,2024-01-03 06:49:52.040569,2024-01-08 06:49:52.040569,"707 Thompson Prairie, North Danielstad, NM 14059",Order for Preppy Lightweight Denim Jackets
114,307,606,5,1,3000.0,3000.0,0,0.0,8,240.0,3240.0,Credit Card,Completed,2024-02-24,2024-02-24 07:50:34.231459,2024-02-27 07:50:34.231459,"2748 Sarah Glens, Port Jamesport, LA 97419",Order for Relaxed Camo Shorts
115,384,1125,1,2,4500.0,9000.0,0,0.0,8,720.0,9720.0,Debit Card,Completed,2024-10-29,2024-10-29 21:19:34.059968,2024-11-02 21:19:34.059968,"3684 Stark Heights, Thomasport, TN 78930",Order for Camo Minimalist T-Shirts
116,337,2323,17,2,8000.0,16000.0,0,0.0,8,1280.0,17280.0,Credit Card,Completed,2024-05-20,2024-05-20 07:08:59.729777,2024-05-26 07:08:59.729777,"657 Chavez Gateway, East Jamiemouth, ND 90422",Order for Trendy Layered Hoodies & Jackets
117,463,251,4,1,5500.0,5500.0,0,0.0,8,440.0,5940.0,Credit Card,Cancelled,2024-01-22,2024-01-22 07:01:09.168186,,"37871 Ryan Forest Suite 342, Amandaberg, AR 18011",Order for Retro Casual Chinos
118,305,1848,15,3,4000.0,12000.0,5,600.0,8,912.0,12312.0,Bank Transfer,Completed,2024-09-28,2024-09-28 11:39:16.001940,2024-10-05 11:39:16.001940,"70843 Courtney Throughway, North Joannaland, NC 96120",Order for Modern Structured Tanks
119,361,1971,7,2,9500.0,19000.0,0,0.0,8,1520.0,20520.0,Credit Card,Completed,2024-03-25,2024-03-25 18:27:01.155934,2024-04-01 18:27:01.155934,"7780 Stephen Road Apt. 689, Huntermouth, CT 58588",Order for Retro Refined Cardigans
120,186,1988,14,1,3000.0,3000.0,0,0.0,8,240.0,3240.0,Digital Wallet,Completed,2024-09-14,2024-09-14 09:52:05.981314,2024-09-17 09:52:05.981314,"Unit 2968 Box 5501, DPO AP 88198",Order for Structured Preppy Oversize Tee
121,442,228,18,3,4000.0,12000.0,0,0.0,8,960.0,12960.0,COD,Completed,2024-09-18,2024-09-18 11:23:59.721494,2024-09-20 11:23:59.721494,"8635 Jones Point Suite 408, North Andrewtown, TN 44339",Order for Heritage Minimalist Sweatshirts
122,212,1676,8,2,11500.0,23000.0,0,0.0,8,1840.0,24840.0,Credit Card,Completed,2024-01-07,2024-01-07 07:37:32.090352,2024-01-14 07:37:32.090352,"767 Willie Plaza, Audreyfort, NH 54971",Order for Modern Smart Kimono
123,382,1413,2,1,14500.0,14500.0,0,0.0,8,1160.0,15660.0,Bank Transfer,Failed,2024-08-03,2024-08-03 09:24:55.814484,,"PSC 1447, Box 1452, APO AA 29534",Order for Structured Heritage Kimono
124,72,1524,7,3,9500.0,28500.0,5,1425.0,8,2166.0,29241.0,Digital Wallet,Completed,2024-02-23,2024-02-23 08:18:52.441827,2024-02-25 08:18:52.441827,"996 Moore Islands Apt. 737, Heathertown, TN 72939",Order for Structured Functional Coats
125,470,1655,24,1,5000.0,5000.0,0,0.0,8,400.0,5400.0,Credit Card,Cancelled,2024-06-09,2024-06-09 02:00:57.804681,,"289 Morgan Stream Suite 709, Shawburgh, DE 60167",Order for Urban Trendy Joggers & Pants
126,134,861,13,1,2500.0,2500.0,0,0.0,8,200.0,2700.0,COD,Completed,2024-04-20,2024-04-20 00:47:26.277420,2024-04-23 00:47:26.277420,"8917 Steve Hill, Fostertown, AK 23789",Order for Urban Textured Shorts
127,63,1963,5,3,10000.0,30000.0,0,0.0,8,2400.0,32400.0,Bank Transfer,Completed,2024-01-30,2024-01-30 21:40:03.056230,2024-02-06 21:40:03.056230,"086 Nicole Forge, East Gregorytown, MN 75819",Order for Rustic Smart Denim Jackets
128,247,1414,5,3,4000.0,12000.0,0,0.0,8,960.0,12960.0,COD,Completed,2024-08-16,2024-08-16 19:24:16.298759,2024-08-22 19:24:16.298759,"1799 Tina Trail, Port Susanside, AL 19476",Order for Heritage Modern Shorts
129,37,1628,14,2,2500.0,5000.0,10,500.0,8,360.0,4860.0,Debit Card,Completed,2024-06-24,2024-06-24 11:12:09.344532,2024-06-30 11:12:09.344532,"0072 Garza Crest Suite 746, Nancyville, VA 16375",Order for Trendy Dynamic Polos
130,249,1961,15,1,5000.0,5000.0,0,0.0,8,400.0,5400.0,COD,Failed,2024-09-13,2024-09-13 21:29:30.433432,,"Unit 1097 Box 8073, DPO AE 68139",Order for Soft Relaxed Sweatshirts
131,13,2420,13,2,2500.0,5000.0,0,0.0,8,400.0,5400.0,Debit Card,Completed,2024-09-17,2024-09-17 01:26:47.367475,2024-09-21 01:26:47.367475,"549 Douglas Greens, Lake Annshire, MN 83044",Order for Sporty Oversized Polos
132,496,1465,3,3,4000.0,12000.0,10,1200.0,8,864.0,11664.0,Credit Card,Completed,2024-08-08,2024-08-08 13:08:33.182422,2024-08-13 13:08:33.182422,"0393 Davis Vista, West Ericaport, PR 47393",Order for Minimalist Functional Oversize Tee
133,234,1727,19,2,15000.0,30000.0,0,0.0,8,2400.0,32400.0,COD,Cancelled,2024-07-30,2024-07-30 07:25:27.692418,,"921 Shane Mills Suite 295, Bradleyfort, MD 78798",Order for Oversized Textured Hoodies & Jackets
134,487,1512,13,2,3000.0,6000.0,10,600.0,8,432.0,5832.0,Debit Card,Completed,2024-08-06,2024-08-06 12:24:07.671103,2024-08-12 12:24:07.671103,"8917 Arthur Mountains, Youngberg, NY 19574",Order for Minimalist Vintage Oversize Tee
135,332,1437,3,2,4000.0,8000.0,0,0.0,8,640.0,8640.0,Credit Card,Completed,2024-03-19,2024-03-19 02:42:53.367072,2024-03-23 02:42:53.367072,"112 Jessica Point, North Rachel, PW 61568",Order for Retro Essential Sweatshirts
136,45,1631,15,3,5500.0,16500.0,0,0.0,8,1320.0,17820.0,Credit Card,Completed,2024-05-17,2024-05-17 16:26:27.468973,2024-05-21 16:26:27.468973,"61799 Jennifer Village Apt. 371, West Pam, MP 84541",Order for Minimalist Oversized Chinos
137,251,866,6,2,14500.0,29000.0,0,0.0,8,2320.0,31320.0,Credit Card,Completed,2024-07-22,2024-07-22 16:35:44.910863,2024-07-24 16:35:44.910863,"90509 Davis Isle, Coltonview, HI 60568",Order for Rustic Refined Hoodies & Jackets
138,342,1418,5,3,3500.0,10500.0,10,1050.0,8,756.0,10206.0,Debit Card,Returned,2024-06-09,2024-06-09 07:37:13.348827,2024-06-15 07:37:13.348827,"616 Walter Lane, Davisfort, ND 35965",Order for Modern Structured Sweatshirts
139,155,2107,18,2,15000.0,30000.0,0,0.0,8,2400.0,32400.0,COD,Completed,2024-03-07,2024-03-07 01:48:19.099817,2024-03-10 01:48:19.099817,"5103 Brent Hill, East Noahhaven, AL 18447",Order for Modern Classic Cardigans
140,60,266,19,1,11500.0,11500.0,0,0.0,8,920.0,12420.0,Debit Card,Completed,2024-04-11,2024-04-11 00:13:39.076295,2024-04-16 00:13:39.076295,"741 Michael Point, Gordonchester, KY 13136",Order for Tailored Heritage Utility Pants
141,118,1014,2,2,10000.0,20000.0,10,2000.0,8,1440.0,19440.0,Credit Card,Completed,2024-07-10,2024-07-10 19:28:05.196007,2024-07-14 19:28:05.196007,"392 Lee Drive Suite 817, Amandashire, VA 09578",Order for Urban Bright Denim Jackets
142,304,66,19,1,2500.0,2500.0,0,0.0,8,200.0,2700.0,Debit Card,Completed,2024-04-03,2024-04-03 03:31:24.429668,2024-04-10 03:31:24.429668,"87208 Jose Tunnel Apt. 942, Codystad, IA 92584",Order for Layered Preppy Shorts
143,329,2266,17,3,4000.0,12000.0,10,1200.0,8,864.0,11664.0,Credit Card,Completed,2024-09-07,2024-09-07 14:21:33.495515,2024-09-09 14:21:33.495515,"55330 Tyler Wall Apt. 761, Lake Jaimeview, VI 00657",Order for Refined Bold Shorts
144,118,1854,1,1,3500.0,3500.0,0,0.0,8,280.0,3780.0,Digital Wallet,Completed,2024-05-25,2024-05-25 19:12:11.722146,2024-06-01 19:12:11.722146,"392 Lee Drive Suite 817, Amandashire, VA 09578",Order for Soft Tailored Sweatshirts
145,188,2423,15,2,12500.0,25000.0,0,0.0,8,2000.0,27000.0,Debit Card,Completed,2024-08-19,2024-08-19 09:27:52.957760,2024-08-25 09:27:52.957760,"5000 Yoder Gateway, Jeremyview, AR 42330",Order for Retro Essential Hoodies & Jackets
146,493,1983,11,2,5000.0,10000.0,0,0.0,8,800.0,10800.0,Credit Card,Completed,2024-01-30,2024-01-30 06:43:47.930262,2024-02-06 06:43:47.930262,"Unit 6721 Box 9702, DPO AE 87555",Order for Elegant Preppy Chinos
147,258,868,14,3,2500.0,7500.0,0,0.0,8,600.0,8100.0,Credit Card,Completed,2024-02-03,2024-02-03 00:45:42.569757,2024-02-07 00:45:42.569757,"905 Hall Loaf Apt. 623, Andreafurt, UT 75518",Order for Patterned Tailored Joggers & Pants
148,249,356,6,3,9500.0,28500.0,0,0.0,8,2280.0,30780.0,Credit Card,Completed,2024-06-28,2024-06-28 06:42:16.028669,2024-07-01 06:42:16.028669,"Unit 1097 Box 8073, DPO AE 68139",Order for Trendy Minimalist Kimono
149,19,766,1,3,2500.0,7500.0,0,0.0,8,600.0,8100.0,Credit Card,Completed,2024-07-11,2024-07-11 23:39:21.422066,2024-07-16 23:39:21.422066,"3743 Kristen Motorway Suite 202, East Jennifertown, SC 47907",Order for Statement Layered Tanks
150,88,1834,22,1,12000.0,12000.0,10,1200.0,8,864.0,11664.0,Debit Card,Completed,2024-09-20,2024-09-20 08:43:49.330724,2024-09-24 08:43:49.330724,"157 David Corners, North Taylorfort, RI 59751",Order for Retro Essential Coats
151,173,2420,13,1,2500.0,2500.0,0,0.0,8,200.0,2700.0,Credit Card,Completed,2024-10-07,2024-10-07 04:05:56.644137,2024-10-10 04:05:56.644137,"92707 Marc Prairie Apt. 681, Port Jennifer, PA 68114",Order for Sporty Oversized Polos
152,459,1567,24,3,4500.0,13500.0,5,675.0,8,1026.0,13851.0,Debit Card,Completed,2024-08-14,2024-08-14 15:58:25.147648,2024-08-16 15:58:25.147648,"531 Stephen Mountain Apt. 775, Port Christophermouth, AR 67592",Order for Casual Luxury Track Pants
153,452,1105,15,1,10000.0,10000.0,0,0.0,8,800.0,10800.0,Bank Transfer,Completed,2024-03-23,2024-03-23 17:34:50.177857,2024-03-27 17:34:50.177857,"USCGC Adams, FPO AP 56410",Order for Structured Sporty Kimono
154,388,1725,17,1,9500.0,9500.0,0,0.0,8,760.0,10260.0,Digital Wallet,Completed,2024-04-13,2024-04-13 22:35:55.169943,2024-04-19 22:35:55.169943,"5690 Antonio Road Suite 353, New Jennifermouth, IN 36408",Order for Urban Relaxed Hoodies & Jackets
155,176,2037,19,2,3000.0,6000.0,0,0.0,8,480.0,6480.0,Debit Card,Pending,2024-02-04,2024-02-04 22:51:22.388792,2024-02-11 22:51:22.388792,"87883 Michael Squares Suite 144, South Michael, KY 31983",Order for Comfy Bright T-Shirts
156,365,1869,9,2,4500.0,9000.0,5,450.0,8,684.0,9234.0,Credit Card,Completed,2024-02-08,2024-02-08 21:23:01.826106,2024-02-12 21:23:01.826106,"Unit 1065 Box 1820, DPO AE 18156",Order for Tailored Elegant Track Pants
157,243,1463,24,3,4500.0,13500.0,0,0.0,8,1080.0,14580.0,Bank Transfer,Returned,2024-02-22,2024-02-22 23:09:27.302480,2024-02-29 23:09:27.302480,"6620 Smith Avenue, North Yvonnefurt, MI 53487",Order for Casual Minimalist Sweatshirts
158,109,350,7,2,3500.0,7000.0,0,0.0,8,560.0,7560.0,Digital Wallet,Completed,2024-05-07,2024-05-07 17:45:52.360306,2024-05-14 17:45:52.360306,"214 Rebecca Forges, Harrisonborough, WV 97997",Order for Modern Essential Polos
159,301,2073,3,1,13500.0,13500.0,0,0.0,8,1080.0,14580.0,Bank Transfer,Completed,2024-04-12,2024-04-12 18:32:27.907530,2024-04-15 18:32:27.907530,"905 Nelson Circles, Thomashaven, RI 94107",Order for Dynamic Textured Utility Pants
160,365,6,1,3,12500.0,37500.0,0,0.0,8,3000.0,40500.0,Debit Card,Completed,2024-09-04,2024-09-04 04:53:33.656446,2024-09-10 04:53:33.656446,"Unit 1065 Box 1820, DPO AE 18156",Order for Urban Urban Blazers
161,367,856,20,2,15000.0,30000.0,15,4500.0,8,2040.0,27540.0,Bank Transfer,Completed,2024-10-06,2024-10-06 12:11:10.962159,2024-10-11 12:11:10.962159,"USS Ponce, FPO AP 40596",Order for Camo Functional Denim Jackets
162,276,448,17,1,2500.0,2500.0,0,0.0,8,200.0,2700.0,Bank Transfer,Completed,2024-04-04,2024-04-04 01:12:57.085282,2024-04-11 01:12:57.085282,"83538 Geoffrey Center, Daniellebury, LA 40429",Order for Edgy Luxury Joggers & Pants
163,59,540,2,1,13500.0,13500.0,0,0.0,8,1080.0,14580.0,Digital Wallet,Completed,2024-05-10,2024-05-10 01:05:43.513573,2024-05-14 01:05:43.513573,"1926 Cameron Branch Apt. 323, Lake Kevin, VI 40653",Order for Patterned Oversized Blazers
164,242,2482,18,1,3500.0,3500.0,0,0.0,8,280.0,3780.0,Debit Card,Completed,2024-08-14,2024-08-14 16:58:02.495665,2024-08-17 16:58:02.495665,"94330 Angela Circle Suite 662, New Kendra, WV 69002",Order for Minimalist Functional Polos
165,36,657,2,2,12000.0,24000.0,0,0.0,8,1920.0,25920.0,COD,Completed,2024-07-19,2024-07-19 23:36:15.184853,2024-07-25 23:36:15.184853,"16124 Eric Motorway, Jessicafort, PR 55062",Order for Layered Heritage Utility Pants
166,477,2484,13,1,10000.0,10000.0,5,500.0,8,760.0,10260.0,Debit Card,Completed,2024-10-21,2024-10-21 05:48:39.438095,2024-10-25 05:48:39.438095,"Unit 1851 Box 2102, DPO AP 72266",Order for Casual Preppy Hoodies & Jackets
167,82,1332,4,2,4500.0,9000.0,0,0.0,8,720.0,9720.0,COD,Completed,2024-07-30,2024-07-30 08:12:05.250882,2024-08-02 08:12:05.250882,"PSC 8876, Box 8415, APO AA 53943",Order for Heritage Edgy T-Shirts
168,133,201,13,2,11500.0,23000.0,10,2300.0,8,1656.0,22356.0,Digital Wallet,Completed,2024-08-28,2024-08-28 06:58:29.740301,2024-09-01 06:58:29.740301,"753 Dean Green, Tracybury, TN 11376",Order for Neutral Comfy Coats
169,347,633,12,3,5000.0,15000.0,10,1500.0,8,1080.0,14580.0,Bank Transfer,Completed,2024-09-12,2024-09-12 02:53:39.374624,2024-09-18 02:53:39.374624,"24256 Chung Summit, Mathewsbury, NY 06118",Order for Luxury Elegant Track Pants
170,454,1213,18,3,3500.0,10500.0,5,525.0,8,798.0,10773.0,Credit Card,Completed,2024-01-12,2024-01-12 05:09:32.174104,2024-01-18 05:09:32.174104,"3229 Cooper Mission, North Ryan, KS 13364",Order for Bright Vintage Track Pants
171,22,1881,19,1,10000.0,10000.0,5,500.0,8,760.0,10260.0,Bank Transfer,Completed,2024-10-22,2024-10-22 07:31:32.704124,2024-10-27 07:31:32.704124,"59182 Reid Square, New Rodney, CO 15693",Order for Trendy Essential Utility Pants
172,77,1970,1,1,3500.0,3500.0,10,350.0,8,252.0,3402.0,Debit Card,Completed,2024-09-06,2024-09-06 11:46:41.050552,2024-09-13 11:46:41.050552,"257 Hamilton Tunnel, Bowenberg, NH 23231",Order for Classic Neutral Shorts
173,146,1700,18,3,3000.0,9000.0,0,0.0,8,720.0,9720.0,Debit Card,Completed,2024-09-17,2024-09-17 11:22:13.234976,2024-09-19 11:22:13.234976,"78752 Edward Villages Suite 831, Port Derrick, NE 88360",Order for Elegant Camo Joggers & Pants
174,368,2238,19,1,5000.0,5000.0,0,0.0,8,400.0,5400.0,Debit Card,Completed,2024-08-02,2024-08-02 00:34:41.365885,2024-08-08 00:34:41.365885,"2177 Benjamin Burgs, East Joseland, PA 05537",Order for Trendy Soft Chinos
175,21,45,17,3,4000.0,12000.0,0,0.0,8,960.0,12960.0,Debit Card,Completed,2024-06-13,2024-06-13 23:39:48.982469,2024-06-17 23:39:48.982469,"8153 Alan Mills, Katieside, MO 43065",Order for Relaxed Bold Chinos
176,269,910,16,2,4000.0,8000.0,0,0.0,8,640.0,8640.0,COD,Completed,2024-05-12,2024-05-12 06:17:43.018625,2024-05-17 06:17:43.018625,"250 Mitchell Prairie Apt. 661, Rodneystad, MA 89790",Order for Preppy Essential Polos
177,357,2472,13,2,4000.0,8000.0,10,800.0,8,576.0,7776.0,COD,Completed,2024-09-18,2024-09-18 13:12:08.585912,2024-09-20 13:12:08.585912,"271 Rose Common, New Shannon, AZ 11651",Order for Statement Edgy Polos
178,192,435,6,1,13000.0,13000.0,0,0.0,8,1040.0,14040.0,Bank Transfer,Completed,2024-09-25,2024-09-25 05:53:12.186548,2024-10-02 05:53:12.186548,"1972 Rachel Greens, Port Christine, KS 70339",Order for Trendy Slim Fit Kimono
179,59,1033,5,2,4500.0,9000.0,5,450.0,8,684.0,9234.0,COD,Completed,2024-05-03,2024-05-03 01:23:51.849090,2024-05-10 01:23:51.849090,"1926 Cameron Branch Apt. 323, Lake Kevin, VI 40653",Order for Luxury Classic Track Pants
180,469,1884,19,1,3500.0,3500.0,0,0.0,8,280.0,3780.0,COD,Completed,2024-04-03,2024-04-03 07:44:56.615135,2024-04-09 07:44:56.615135,"7996 Stephanie Estate, North Christopher, MP 25460",Order for Sporty Edgy Polos
181,483,2037,19,1,3000.0,3000.0,0,0.0,8,240.0,3240.0,Debit Card,Completed,2024-07-16,2024-07-16 20:44:44.972824,2024-07-20 20:44:44.972824,"455 Jennifer Route Suite 714, Port Taylor, RI 95251",Order for Comfy Bright T-Shirts
182,437,1965,18,3,13000.0,39000.0,0,0.0,8,3120.0,42120.0,Debit Card,Completed,2024-04-03,2024-04-03 18:24:21.551444,2024-04-07 18:24:21.551444,"PSC 4373, Box 2937, APO AE 25478",Order for Edgy Preppy Hoodies & Jackets
183,10,1707,3,1,14500.0,14500.0,5,725.0,8,1102.0,14877.0,Digital Wallet,Completed,2024-07-22,2024-07-22 01:52:32.196119,2024-07-29 01:52:32.196119,"086 Michelle Burgs Suite 274, Hilltown, IN 98804",Order for Neutral Elegant Blazers
184,412,1144,18,3,9500.0,28500.0,0,0.0,8,2280.0,30780.0,Digital Wallet,Completed,2024-07-17,2024-07-17 22:35:01.749369,2024-07-23 22:35:01.749369,"4628 Hickman Springs, North Johnshire, CA 65585",Order for Layered Structured Coats
185,13,186,19,2,3000.0,6000.0,0,0.0,8,480.0,6480.0,Credit Card,Completed,2024-06-02,2024-06-02 11:17:42.981019,2024-06-06 11:17:42.981019,"549 Douglas Greens, Lake Annshire, MN 83044",Order for Trendy Refined Track Pants
186,259,2210,4,1,4000.0,4000.0,10,400.0,8,288.0,3888.0,Bank Transfer,Completed,2024-02-06,2024-02-06 03:22:18.034890,2024-02-11 03:22:18.034890,"2831 Stephanie Key, Haneyville, NM 75434",Order for Sporty Dynamic Polos
187,105,443,5,3,10000.0,30000.0,0,0.0,8,2400.0,32400.0,Debit Card,Completed,2024-04-29,2024-04-29 04:11:06.738621,2024-05-01 04:11:06.738621,"5786 Drew Road Apt. 879, North Heathertown, ID 15970",Order for Lightweight Patterned Cardigans
188,205,584,13,2,10500.0,21000.0,10,2100.0,8,1512.0,20412.0,Credit Card,Completed,2024-08-20,2024-08-20 10:54:56.224649,2024-08-23 10:54:56.224649,"9275 Edward Row Suite 945, Erinshire, NV 13734",Order for Elegant Elegant Denim Jackets
189,391,2096,24,2,10500.0,21000.0,0,0.0,8,1680.0,22680.0,COD,Completed,2024-03-11,2024-03-11 11:25:16.660638,2024-03-18 11:25:16.660638,"84650 Tammy Crossroad Apt. 231, Barronmouth, ID 46465",Order for Bright Wide Leg Cardigans
190,113,376,2,3,4500.0,13500.0,0,0.0,8,1080.0,14580.0,Bank Transfer,Completed,2024-06-13,2024-06-13 01:08:19.944141,2024-06-19 01:08:19.944141,"Unit 3202 Box 8139, DPO AP 35763",Order for Neutral Lightweight Polos
191,325,637,24,1,13000.0,13000.0,0,0.0,8,1040.0,14040.0,COD,Completed,2024-01-22,2024-01-22 15:26:46.400699,2024-01-26 15:26:46.400699,"44230 Flores Plain, Singletonmouth, MH 49526",Order for Vintage Patterned Kimono
192,62,1418,5,3,3500.0,10500.0,0,0.0,8,840.0,11340.0,COD,Failed,2024-09-11,2024-09-11 10:21:17.116887,,"764 Cox Canyon Suite 058, New Matthew, IL 47409",Order for Modern Structured Sweatshirts
193,254,659,24,3,5000.0,15000.0,0,0.0,8,1200.0,16200.0,Bank Transfer,Completed,2024-08-29,2024-08-29 17:06:34.108078,2024-09-02 17:06:34.108078,"Unit 6767 Box 1297, DPO AP 47274",Order for Soft Retro Oversize Tee
194,24,737,5,3,14500.0,43500.0,0,0.0,8,3480.0,46980.0,Credit Card,Completed,2024-08-14,2024-08-14 13:52:50.646968,2024-08-19 13:52:50.646968,"27302 Day Stream Suite 138, East Brucehaven, MA 35457",Order for Oversized Layered Kimono
195,205,890,18,2,7000.0,14000.0,0,0.0,8,1120.0,15120.0,Credit Card,Completed,2024-10-12,2024-10-12 23:45:35.559513,2024-10-16 23:45:35.559513,"9275 Edward Row Suite 945, Erinshire, NV 13734",Order for Tailored Elegant Chinos
196,360,1029,16,2,9500.0,19000.0,0,0.0,8,1520.0,20520.0,Credit Card,Completed,2024-07-14,2024-07-14 21:33:31.874141,2024-07-16 21:33:31.874141,"PSC 2422, Box 6768, APO AP 77312",Order for Minimalist Bold Utility Pants
197,435,809,14,1,12500.0,12500.0,0,0.0,8,1000.0,13500.0,Debit Card,Completed,2024-03-31,2024-03-31 19:48:16.450697,2024-04-06 19:48:16.450697,"31072 Zamora Ford Apt. 631, New Cheyennetown, ND 56482",Order for Elegant Luxury Denim Jackets
198,323,2500,13,1,3000.0,3000.0,0,0.0,8,240.0,3240.0,Credit Card,Completed,2024-07-03,2024-07-03 00:49:54.165039,2024-07-07 00:49:54.165039,"8634 Molina Ranch Suite 411, East Anthonyberg, VT 13621",Order for Bright Dynamic Shorts
199,311,40,16,3,4000.0,12000.0,5,600.0,8,912.0,12312.0,Credit Card,Completed,2024-06-14,2024-06-14 15:20:46.533015,2024-06-16 15:20:46.533015,"3034 Jefferson Harbors, Jesseview, VA 49413",Order for Edgy Retro Oversize Tee
200,410,959,2,1,11000.0,11000.0,0,0.0,8,880.0,11880.0,COD,Completed,2024-07-14,2024-07-14 14:59:39.900620,2024-07-16 14:59:39.900620,"71644 Bradley Garden, Barrymouth, ME 77162",Order for Heritage Statement Kimono
201,377,633,12,2,5000.0,10000.0,5,500.0,8,760.0,10260.0,Debit Card,Completed,2024-08-20,2024-08-20 11:19:39.133950,2024-08-22 11:19:39.133950,"5329 Charles Fords, Danielleport, HI 10217",Order for Luxury Elegant Track Pants
202,497,284,20,2,2500.0,5000.0,0,0.0,8,400.0,5400.0,COD,Completed,2024-09-02,2024-09-02 23:38:23.237986,2024-09-08 23:38:23.237986,"9123 Andrew Lights, North Stephaniemouth, AS 51697",Order for Layered Casual Tanks
203,262,1642,18,3,14500.0,43500.0,10,4350.0,8,3132.0,42282.0,Debit Card,Completed,2024-07-01,2024-07-01 02:19:56.238412,2024-07-08 02:19:56.238412,"USNV Vaughn, FPO AP 38925",Order for Neutral Urban Utility Pants
204,384,1103,6,2,13500.0,27000.0,0,0.0,8,2160.0,29160.0,Credit Card,Completed,2024-07-09,2024-07-09 10:55:10.613664,2024-07-12 10:55:10.613664,"3684 Stark Heights, Thomasport, TN 78930",Order for Luxury Slim Fit Utility Pants
205,102,2143,13,3,11000.0,33000.0,0,0.0,8,2640.0,35640.0,Credit Card,Completed,2024-10-21,2024-10-21 09:40:21.580635,2024-10-25 09:40:21.580635,"722 Malone Grove Suite 784, Hendersonshire, PR 93965",Order for Preppy Relaxed Denim Jackets
206,333,562,15,3,4000.0,12000.0,0,0.0,8,960.0,12960.0,Credit Card,Completed,2024-05-11,2024-05-11 09:51:33.409332,2024-05-15 09:51:33.409332,"78262 Todd Fords, Lake Melissamouth, NM 07713",Order for Edgy Edgy Shorts
207,287,1754,20,3,12500.0,37500.0,0,0.0,8,3000.0,40500.0,Credit Card,Completed,2024-10-09,2024-10-09 02:49:30.581926,2024-10-16 02:49:30.581926,"9102 Walker Prairie, Port Shawnstad, CO 01027",Order for Tailored Neutral Kimono
208,371,388,4,2,9500.0,19000.0,5,950.0,8,1444.0,19494.0,Debit Card,Completed,2024-01-25,2024-01-25 13:16:03.166667,2024-01-31 13:16:03.166667,"2126 Smith Spring, Brendamouth, PW 77291",Order for Vintage Vintage Cardigans
209,409,642,3,2,2500.0,5000.0,0,0.0,8,400.0,5400.0,COD,Completed,2024-07-07,2024-07-07 22:56:21.109238,2024-07-09 22:56:21.109238,"089 Knight Ranch Suite 833, East Thomasmouth, UT 79582",Order for Oversized Luxury Shorts
210,232,2496,9,3,4000.0,12000.0,5,600.0,8,912.0,12312.0,Credit Card,Pending,2024-04-21,2024-04-21 15:53:26.323424,2024-04-27 15:53:26.323424,"426 Lisa Junctions Suite 891, Port Brian, IA 41865",Order for Bright Neutral Beach Wear
211,207,239,2,2,4500.0,9000.0,10,900.0,8,648.0,8748.0,COD,Completed,2024-08-31,2024-08-31 19:15:09.528961,2024-09-03 19:15:09.528961,"589 Howard Gardens, South Carly, NH 49966",Order for Sporty Comfy Track Pants
212,346,677,7,3,4000.0,12000.0,0,0.0,8,960.0,12960.0,Debit Card,Completed,2024-02-02,2024-02-02 01:27:57.072366,2024-02-08 01:27:57.072366,"996 Buchanan Springs Suite 652, Patriciachester, NJ 91618",Order for Edgy Preppy Polos
213,434,756,10,1,7000.0,7000.0,0,0.0,8,560.0,7560.0,Debit Card,Completed,2024-07-25,2024-07-25 06:26:32.821137,2024-07-30 06:26:32.821137,"7917 Wilkinson Stream Suite 236, Alexandraborough, WY 77837",Order for Tailored Patterned Chinos
214,100,2167,14,3,6500.0,19500.0,10,1950.0,8,1404.0,18954.0,COD,Completed,2024-06-05,2024-06-05 11:05:56.417400,2024-06-08 11:05:56.417400,"USNS George, FPO AP 43209",Order for Chic Classic Chinos
215,252,669,21,2,3500.0,7000.0,0,0.0,8,560.0,7560.0,COD,Completed,2024-06-11,2024-06-11 00:42:35.037634,2024-06-13 00:42:35.037634,"619 David Stravenue, Port Caitlin, DE 20546",Order for Minimalist Structured Joggers & Pants
216,136,1552,18,2,3500.0,7000.0,0,0.0,8,560.0,7560.0,Credit Card,Completed,2024-04-05,2024-04-05 08:38:18.484079,2024-04-11 08:38:18.484079,"7035 Roberts Port, New Kimberly, NE 75652",Order for Chic Chic Joggers & Pants
217,368,557,19,1,4500.0,4500.0,0,0.0,8,360.0,4860.0,Credit Card,Completed,2024-10-28,2024-10-28 06:45:16.752881,2024-11-02 06:45:16.752881,"2177 Benjamin Burgs, East Joseland, PA 05537",Order for Chic Retro Track Pants
218,95,642,3,2,2500.0,5000.0,0,0.0,8,400.0,5400.0,Credit Card,Completed,2024-03-12,2024-03-12 16:45:51.294601,2024-03-16 16:45:51.294601,"467 Ryan Glen Suite 618, New Karishire, WI 75246",Order for Oversized Luxury Shorts
219,387,1190,11,2,12500.0,25000.0,10,2500.0,8,1800.0,24300.0,Credit Card,Completed,2024-09-04,2024-09-04 20:24:47.864155,2024-09-11 20:24:47.864155,"22745 Wiley Pines Apt. 115, Vincentburgh, DC 62527",Order for Preppy Luxury Utility Pants
220,98,1577,12,2,2500.0,5000.0,0,0.0,8,400.0,5400.0,Bank Transfer,Completed,2024-10-02,2024-10-02 21:50:16.424820,2024-10-08 21:50:16.424820,"PSC 7042, Box 5399, APO AE 95284",Order for Edgy Vintage Track Pants
221,268,839,1,2,9000.0,18000.0,0,0.0,8,1440.0,19440.0,Credit Card,Completed,2024-04-25,2024-04-25 13:16:29.419251,2024-04-29 13:16:29.419251,"97355 Julia Summit Suite 284, Mariaburgh, WV 82780",Order for Lightweight Sporty Utility Pants
222,42,1397,15,2,3000.0,6000.0,0,0.0,8,480.0,6480.0,Bank Transfer,Completed,2024-01-17,2024-01-17 11:34:31.272243,2024-01-23 11:34:31.272243,"295 Galloway Brook, Mcbrideburgh, WI 94464",Order for Vintage Lightweight Track Pants
223,312,2107,18,1,15000.0,15000.0,0,0.0,8,1200.0,16200.0,Debit Card,Completed,2024-07-10,2024-07-10 20:54:49.484395,2024-07-13 20:54:49.484395,"972 Adams Summit Apt. 896, Connieland, LA 11279",Order for Modern Classic Cardigans
224,392,428,16,2,4500.0,9000.0,5,450.0,8,684.0,9234.0,Credit Card,Completed,2024-04-08,2024-04-08 08:24:05.263523,2024-04-11 08:24:05.263523,"4758 Hardy Haven, Adamsport, OH 10960",Order for Comfy Dynamic Polos
225,129,626,14,1,4500.0,4500.0,0,0.0,8,360.0,4860.0,Credit Card,Completed,2024-04-01,2024-04-01 01:24:02.351968,2024-04-03 01:24:02.351968,"6237 Berry River, Barbaraburgh, GU 04613",Order for Heritage Sporty Shorts
226,266,2100,20,3,3500.0,10500.0,0,0.0,8,840.0,11340.0,Debit Card,Completed,2024-06-14,2024-06-14 04:32:51.224358,2024-06-21 04:32:51.224358,"49960 Christine Roads Suite 889, Castrofort, UT 49374",Order for Slim Fit Wide Leg Track Pants
227,343,988,23,2,2500.0,5000.0,5,250.0,8,380.0,5130.0,Credit Card,Completed,2024-05-02,2024-05-02 07:01:16.769746,2024-05-07 07:01:16.769746,"948 Taylor Centers, Lake Mike, GA 32253",Order for Bold Edgy Polos
228,138,1282,21,3,13000.0,39000.0,0,0.0,8,3120.0,42120.0,Credit Card,Completed,2024-01-22,2024-01-22 16:32:24.998171,2024-01-28 16:32:24.998171,"1923 Huynh Club Apt. 445, Myersview, CA 37410",Order for Patterned Oversized Blazers
229,268,218,12,3,8000.0,24000.0,0,0.0,8,1920.0,25920.0,COD,Completed,2024-04-19,2024-04-19 20:11:03.348096,2024-04-21 20:11:03.348096,"97355 Julia Summit Suite 284, Mariaburgh, WV 82780",Order for Retro Statement Coats
230,22,1996,19,1,13000.0,13000.0,0,0.0,8,1040.0,14040.0,Bank Transfer,Completed,2024-10-05,2024-10-05 03:39:09.033597,2024-10-07 03:39:09.033597,"59182 Reid Square, New Rodney, CO 15693",Order for Elegant Dynamic Utility Pants
231,286,1140,20,3,3500.0,10500.0,0,0.0,8,840.0,11340.0,Credit Card,Completed,2024-06-07,2024-06-07 23:22:59.917600,2024-06-11 23:22:59.917600,"6503 Brandon Hills Suite 424, East Johnville, SC 84794",Order for Smart Dynamic Polos
232,40,1729,1,2,5000.0,10000.0,0,0.0,8,800.0,10800.0,Credit Card,Completed,2024-06-09,2024-06-09 17:59:04.289858,2024-06-13 17:59:04.289858,"Unit 1005 Box 1061, DPO AA 06975",Order for Structured Urban Track Pants
233,455,63,11,3,12000.0,36000.0,15,5400.0,8,2448.0,33048.0,COD,Completed,2024-09-22,2024-09-22 16:47:37.054436,2024-09-24 16:47:37.054436,"PSC 4917, Box 4325, APO AA 43419",Order for Preppy Casual Coats
234,91,292,17,3,4500.0,13500.0,0,0.0,8,1080.0,14580.0,Digital Wallet,Completed,2024-05-10,2024-05-10 12:44:47.105267,2024-05-16 12:44:47.105267,"3324 Hess Knoll, Herreraville, VA 01518",Order for Preppy Modern Joggers & Pants
235,483,309,1,1,2500.0,2500.0,0,0.0,8,200.0,2700.0,Bank Transfer,Completed,2024-04-04,2024-04-04 20:42:24.756082,2024-04-06 20:42:24.756082,"455 Jennifer Route Suite 714, Port Taylor, RI 95251",Order for Refined Sporty Track Pants
236,190,195,11,2,13000.0,26000.0,0,0.0,8,2080.0,28080.0,Credit Card,Returned,2024-08-03,2024-08-03 03:02:48.090110,2024-08-09 03:02:48.090110,"619 Sellers Curve, Rayberg, IA 11064",Order for Lightweight Bright Utility Pants
237,203,35,17,2,3000.0,6000.0,0,0.0,8,480.0,6480.0,Bank Transfer,Failed,2024-02-02,2024-02-02 04:10:27.643643,,"626 Terri Crossroad, Kimberlyview, OK 44090",Order for Chic Camo T-Shirts
238,193,522,7,3,2500.0,7500.0,0,0.0,8,600.0,8100.0,Debit Card,Completed,2024-06-12,2024-06-12 15:58:06.125455,2024-06-18 15:58:06.125455,"985 Cervantes Hills, Catherineborough, MI 98657",Order for Luxury Functional Track Pants
239,435,2153,24,3,3000.0,9000.0,0,0.0,8,720.0,9720.0,Digital Wallet,Returned,2024-09-13,2024-09-13 08:04:16.809002,2024-09-19 08:04:16.809002,"31072 Zamora Ford Apt. 631, New Cheyennetown, ND 56482",Order for Comfy Dynamic Sweatshirts
240,112,1570,13,2,12000.0,24000.0,5,1200.0,8,1824.0,24624.0,Credit Card,Completed,2024-06-25,2024-06-25 11:35:54.523714,2024-06-29 11:35:54.523714,"834 Ann Spur, Brooksmouth, IN 16385",Order for Classic Trendy Utility Pants
241,27,930,9,2,13000.0,26000.0,0,0.0,8,2080.0,28080.0,Bank Transfer,Completed,2024-03-11,2024-03-11 06:30:38.368737,2024-03-16 06:30:38.368737,"2464 Jimmy Harbor, Lake Andrea, WA 42286",Order for Elegant Comfy Coats
242,307,424,4,1,13500.0,13500.0,0,0.0,8,1080.0,14580.0,Bank Transfer,Completed,2024-01-02,2024-01-02 00:09:49.784933,2024-01-07 00:09:49.784933,"2748 Sarah Glens, Port Jamesport, LA 97419",Order for Preppy Tailored Cardigans
243,83,2095,15,3,12000.0,36000.0,0,0.0,8,2880.0,38880.0,Debit Card,Completed,2024-08-18,2024-08-18 17:59:59.945166,2024-08-20 17:59:59.945166,"8310 Jeremiah Fords Suite 594, Michelleborough, ND 95479",Order for Urban Oversized Coats
244,393,647,18,1,3000.0,3000.0,0,0.0,8,240.0,3240.0,COD,Completed,2024-08-04,2024-08-04 03:12:34.531174,2024-08-11 03:12:34.531174,"84681 Jackson Crossing Suite 065, Delacruzberg, NC 13154",Order for Camo Comfy Polos
245,174,941,22,2,2500.0,5000.0,0,0.0,8,400.0,5400.0,COD,Completed,2024-03-08,2024-03-08 20:38:35.494589,2024-03-14 20:38:35.494589,"673 Shepherd Greens, Port Jonathanville, AK 09457",Order for Bright Textured Shorts
246,388,169,21,1,12000.0,12000.0,0,0.0,8,960.0,12960.0,Digital Wallet,Completed,2024-05-11,2024-05-11 07:47:33.449466,2024-05-18 07:47:33.449466,"5690 Antonio Road Suite 353, New Jennifermouth, IN 36408",Order for Chic Urban Cardigans
247,24,498,1,1,10000.0,10000.0,5,500.0,8,760.0,10260.0,Debit Card,Completed,2024-02-24,2024-02-24 09:12:52.509721,2024-02-26 09:12:52.509721,"27302 Day Stream Suite 138, East Brucehaven, MA 35457",Order for Urban Dynamic Cardigans
248,414,1108,14,3,4000.0,12000.0,0,0.0,8,960.0,12960.0,Credit Card,Completed,2024-04-30,2024-04-30 09:18:16.337191,2024-05-05 09:18:16.337191,"865 Russell Camp, Kristopherton, DE 18353",Order for Oversized Oversized Track Pants
249,18,122,7,1,11500.0,11500.0,5,575.0,8,874.0,11799.0,Credit Card,Completed,2024-09-03,2024-09-03 23:58:14.565087,2024-09-10 23:58:14.565087,"PSC 2648, Box 9157, APO AP 22344",Order for Sporty Smart Coats
250,120,251,4,2,5500.0,11000.0,0,0.0,8,880.0,11880.0,Credit Card,Completed,2024-09-19,2024-09-19 12:47:03.755774,2024-09-21 12:47:03.755774,"561 Alexander Extension, East Cheryl, NV 59605",Order for Retro Casual Chinos
251,387,757,14,1,3500.0,3500.0,15,525.0,8,238.0,3213.0,Debit Card,Completed,2024-05-25,2024-05-25 10:33:32.091675,2024-05-30 10:33:32.091675,"22745 Wiley Pines Apt. 115, Vincentburgh, DC 62527",Order for Preppy Dynamic Shorts
252,147,1869,9,3,4500.0,13500.0,10,1350.0,8,972.0,13122.0,COD,Completed,2024-02-24,2024-02-24 13:26:06.070124,2024-03-02 13:26:06.070124,"538 Brett Flats, Rebeccaton, NY 94432",Order for Tailored Elegant Track Pants
253,262,41,4,3,4500.0,13500.0,10,1350.0,8,972.0,13122.0,Digital Wallet,Completed,2024-08-03,2024-08-03 12:36:08.600606,2024-08-09 12:36:08.600606,"USNV Vaughn, FPO AP 38925",Order for Classic Tailored T-Shirts
254,313,1931,2,2,3500.0,7000.0,0,0.0,8,560.0,7560.0,Digital Wallet,Completed,2024-02-03,2024-02-03 12:26:20.416907,2024-02-08 12:26:20.416907,"3202 Beasley Forges, New Ianland, AR 26747",Order for Functional Casual Track Pants
255,442,1674,16,1,2500.0,2500.0,0,0.0,8,200.0,2700.0,Bank Transfer,Completed,2024-07-10,2024-07-10 20:39:57.689298,2024-07-13 20:39:57.689298,"8635 Jones Point Suite 408, North Andrewtown, TN 44339",Order for Bold Tailored Track Pants
256,183,2105,1,3,9500.0,28500.0,0,0.0,8,2280.0,30780.0,Credit Card,Completed,2024-07-01,2024-07-01 04:52:58.224243,2024-07-05 04:52:58.224243,"PSC 0799, Box 1870, APO AP 09606",Order for Patterned Wide Leg Denim Jackets
257,130,2479,22,2,12500.0,25000.0,5,1250.0,8,1900.0,25650.0,Bank Transfer,Completed,2024-06-29,2024-06-29 19:33:50.321127,2024-07-01 19:33:50.321127,"3350 Michael Throughway, New Lisa, MI 27468",Order for Rustic Sporty Blazers
258,137,640,5,3,12000.0,36000.0,0,0.0,8,2880.0,38880.0,Debit Card,Completed,2024-09-06,2024-09-06 12:17:14.302427,2024-09-10 12:17:14.302427,"158 Rivera Prairie Suite 816, Lake Michelle, FL 20357",Order for Smart Dynamic Coats
259,193,139,13,2,3000.0,6000.0,0,0.0,8,480.0,6480.0,Digital Wallet,Pending,2024-06-12,2024-06-12 02:55:28.187031,2024-06-16 02:55:28.187031,"985 Cervantes Hills, Catherineborough, MI 98657",Order for Bright Preppy Beach Wear
260,137,1370,22,2,4000.0,8000.0,0,0.0,8,640.0,8640.0,Bank Transfer,Completed,2024-07-19,2024-07-19 05:53:27.578942,2024-07-24 05:53:27.578942,"158 Rivera Prairie Suite 816, Lake Michelle, FL 20357",Order for Refined Minimalist Joggers & Pants
261,342,935,19,2,9000.0,18000.0,10,1800.0,8,1296.0,17496.0,Debit Card,Completed,2024-05-25,2024-05-25 04:49:26.640652,2024-05-29 04:49:26.640652,"616 Walter Lane, Davisfort, ND 35965",Order for Patterned Vintage Cardigans
262,202,2440,11,1,3500.0,3500.0,10,350.0,8,252.0,3402.0,Digital Wallet,Pending,2024-05-18,2024-05-18 09:46:12.334760,2024-05-20 09:46:12.334760,"478 Rebecca Stravenue Suite 985, East Jamesport, GU 12053",Order for Sporty Preppy Track Pants
263,142,1460,21,3,2500.0,7500.0,0,0.0,8,600.0,8100.0,Debit Card,Completed,2024-02-21,2024-02-21 22:42:45.434881,2024-02-26 22:42:45.434881,"65507 Sarah Grove, Lake Kristinborough, FM 25288",Order for Sporty Casual Polos
264,110,2227,18,3,2500.0,7500.0,0,0.0,8,600.0,8100.0,Bank Transfer,Completed,2024-09-20,2024-09-20 11:11:56.476945,2024-09-23 11:11:56.476945,"8180 Mercer Lodge Suite 800, Tonyatown, VT 78486",Order for Minimalist Trendy Joggers & Pants
265,414,1489,4,2,4500.0,9000.0,15,1350.0,8,612.0,8262.0,Credit Card,Pending,2024-04-01,2024-04-01 14:06:30.152518,2024-04-07 14:06:30.152518,"865 Russell Camp, Kristopherton, DE 18353",Order for Textured Rustic Tanks
266,385,178,16,1,3000.0,3000.0,0,0.0,8,240.0,3240.0,COD,Completed,2024-10-19,2024-10-19 11:41:33.825006,2024-10-23 11:41:33.825006,"7258 Michael Field, New Anna, ID 46981",Order for Relaxed Layered Track Pants
267,406,1493,23,2,14000.0,28000.0,0,0.0,8,2240.0,30240.0,Bank Transfer,Completed,2024-03-08,2024-03-08 08:24:43.005996,2024-03-14 08:24:43.005996,"1395 Kevin Lights, New William, MH 27808",Order for Bold Soft Utility Pants
268,495,884,7,1,3000.0,3000.0,5,150.0,8,228.0,3078.0,Debit Card,Pending,2024-05-10,2024-05-10 17:22:58.340060,2024-05-15 17:22:58.340060,"401 Mitchell Ports, New William, MS 94766",Order for Casual Functional T-Shirts
269,385,708,1,1,8500.0,8500.0,0,0.0,8,680.0,9180.0,Credit Card,Completed,2024-05-18,2024-05-18 07:13:46.529448,2024-05-24 07:13:46.529448,"7258 Michael Field, New Anna, ID 46981",Order for Neutral Dynamic Hoodies & Jackets
270,347,237,24,1,4000.0,4000.0,10,400.0,8,288.0,3888.0,Credit Card,Completed,2024-07-10,2024-07-10 04:53:10.665580,2024-07-15 04:53:10.665580,"24256 Chung Summit, Mathewsbury, NY 06118",Order for Chic Preppy Beach Wear
271,213,2455,8,3,9500.0,28500.0,10,2850.0,8,2052.0,27702.0,Digital Wallet,Completed,2024-01-21,2024-01-21 19:12:32.169769,2024-01-24 19:12:32.169769,"855 Andrew Falls Apt. 893, Oliverchester, NC 03131",Order for Minimalist Urban Denim Jackets
272,341,164,10,2,10000.0,20000.0,5,1000.0,8,1520.0,20520.0,Credit Card,Failed,2024-02-20,2024-02-20 16:57:13.205882,,"859 Austin Corner, West Michael, ME 73912",Order for Preppy Refined Cardigans
273,481,1272,6,2,3500.0,7000.0,5,350.0,8,532.0,7182.0,COD,Completed,2024-03-27,2024-03-27 06:16:09.339484,2024-03-30 06:16:09.339484,"400 Myers Isle Apt. 403, West Erikmouth, SC 48520",Order for Essential Soft Tanks
274,177,1315,17,1,4000.0,4000.0,0,0.0,8,320.0,4320.0,Digital Wallet,Completed,2024-02-23,2024-02-23 04:23:19.762655,2024-02-26 04:23:19.762655,"7206 Hernandez Brook, East Mark, NC 21212",Order for Neutral Modern Shorts
275,347,1417,7,1,4500.0,4500.0,5,225.0,8,342.0,4617.0,Credit Card,Completed,2024-06-02,2024-06-02 15:35:22.058301,2024-06-05 15:35:22.058301,"24256 Chung Summit, Mathewsbury, NY 06118",Order for Neutral Heritage Oversize Tee
276,20,1895,2,1,3500.0,3500.0,15,525.0,8,238.0,3213.0,Credit Card,Completed,2024-02-03,2024-02-03 20:52:03.302520,2024-02-10 20:52:03.302520,"6554 Eric Union Suite 994, Hessfort, WI 90807",Order for Rustic Edgy Joggers & Pants
277,378,955,18,1,5000.0,5000.0,0,0.0,8,400.0,5400.0,Digital Wallet,Completed,2024-06-01,2024-06-01 12:50:56.985800,2024-06-04 12:50:56.985800,"2954 Gray Freeway, Amandaland, HI 46310",Order for Dynamic Slim Fit Track Pants
278,22,1848,15,3,4000.0,12000.0,0,0.0,8,960.0,12960.0,COD,Completed,2024-06-17,2024-06-17 21:37:02.270934,2024-06-24 21:37:02.270934,"59182 Reid Square, New Rodney, CO 15693",Order for Modern Structured Tanks
279,92,1121,2,1,4000.0,4000.0,0,0.0,8,320.0,4320.0,Credit Card,Pending,2024-01-12,2024-01-12 16:52:25.793992,2024-01-19 16:52:25.793992,"42200 Munoz Path Apt. 311, South Tiffany, VA 37072",Order for Elegant Minimalist Oversize Tee
280,406,74,11,3,5500.0,16500.0,15,2475.0,8,1122.0,15147.0,Bank Transfer,Completed,2024-08-26,2024-08-26 05:37:54.480508,2024-09-01 05:37:54.480508,"1395 Kevin Lights, New William, MH 27808",Order for Edgy Structured Beach Wear
281,22,2092,5,3,8000.0,24000.0,0,0.0,8,1920.0,25920.0,COD,Completed,2024-03-11,2024-03-11 11:47:35.702023,2024-03-15 11:47:35.702023,"59182 Reid Square, New Rodney, CO 15693",Order for Oversized Statement Denim Jackets
282,132,691,1,3,5000.0,15000.0,0,0.0,8,1200.0,16200.0,Debit Card,Completed,2024-04-30,2024-04-30 09:35:33.463942,2024-05-06 09:35:33.463942,"6785 Leah Burgs, Shermanside, NV 89009",Order for Sporty Vintage Oversize Tee
283,118,618,23,1,9000.0,9000.0,0,0.0,8,720.0,9720.0,COD,Completed,2024-10-24,2024-10-24 09:35:26.117306,2024-10-30 09:35:26.117306,"392 Lee Drive Suite 817, Amandashire, VA 09578",Order for Vintage Wide Leg Utility Pants
284,70,2255,22,1,8500.0,8500.0,0,0.0,8,680.0,9180.0,COD,Completed,2024-05-02,2024-05-02 02:49:31.104342,2024-05-07 02:49:31.104342,"36916 Sanchez Squares Apt. 687, Garrettshire, TN 26027",Order for Relaxed Layered Blazers
285,30,1388,21,2,3000.0,6000.0,0,0.0,8,480.0,6480.0,COD,Cancelled,2024-01-26,2024-01-26 20:09:56.594211,,"62872 Jessica Shores, West Michaelstad, KY 40636",Order for Statement Casual Polos
286,431,255,2,1,2500.0,2500.0,10,250.0,8,180.0,2430.0,Debit Card,Completed,2024-01-03,2024-01-03 02:42:00.603326,2024-01-10 02:42:00.603326,"09437 Devin Oval, Karenport, ID 42205",Order for Classic Wide Leg T-Shirts
287,51,1778,10,3,3000.0,9000.0,0,0.0,8,720.0,9720.0,Digital Wallet,Completed,2024-05-09,2024-05-09 21:56:20.408434,2024-05-14 21:56:20.408434,"779 Parsons Underpass, Gonzalezmouth, LA 88540",Order for Casual Statement Oversize Tee
288,458,2470,17,2,11500.0,23000.0,0,0.0,8,1840.0,24840.0,Credit Card,Completed,2024-06-15,2024-06-15 07:57:13.250939,2024-06-17 07:57:13.250939,"59622 Davis Mission Apt. 718, Gloverport, VI 50816",Order for Bright Elegant Kimono
289,167,2253,8,2,10500.0,21000.0,10,2100.0,8,1512.0,20412.0,Debit Card,Cancelled,2024-02-13,2024-02-13 16:25:22.751901,,"3849 Linda Trail, Wilkinsfurt, GU 93360",Order for Casual Neutral Hoodies & Jackets
290,388,1816,13,2,8000.0,16000.0,0,0.0,8,1280.0,17280.0,Credit Card,Completed,2024-01-19,2024-01-19 06:27:53.645416,2024-01-23 06:27:53.645416,"5690 Antonio Road Suite 353, New Jennifermouth, IN 36408",Order for Edgy Soft Kimono
291,248,830,5,2,4500.0,9000.0,0,0.0,8,720.0,9720.0,Credit Card,Completed,2024-08-02,2024-08-02 14:55:02.159170,2024-08-07 14:55:02.159170,"36398 Allen Square Apt. 795, Foleyport, MT 60969",Order for Relaxed Bold Chinos
292,474,374,2,1,14000.0,14000.0,10,1400.0,8,1008.0,13608.0,Digital Wallet,Completed,2024-08-09,2024-08-09 00:57:57.318283,2024-08-11 00:57:57.318283,"56827 Jason Ramp, East Jenniferstad, NE 85358",Order for Essential Structured Utility Pants
