transaction_id,user_id,product_id,shop_id,quantity,unit_price,total_amount,discount_percent,discount_amount,tax_percent,tax_amount,final_amount,payment_method,transaction_status,transaction_date,transaction_ts,delivery_date,delivery_address,notes,pos_timestamp,kafka_timestamp,source,received_timestamp,offset,partition
101.0,112.0,949.0,6.0,2.0,4000.0,8000.0,10.0,800.0,8.0,576.0,7776.0,Credit Card,Completed,2024-03-12,2024-03-12 15:19:01.403466,2024-03-19 15:19:01.403466,"834 Ann Spur, Brooksmouth, IN 16385",Order for Soft Layered Sweatshirts,2026-02-25T10:46:51.168414,2026-02-25T10:46:51.168414,pos_system,2026-02-25T11:15:16.465418,100,0
102.0,219.0,741.0,8.0,3.0,15000.0,45000.0,0.0,0.0,8.0,3600.0,48600.0,COD,Pending,2024-03-01,2024-03-01 10:43:02.428403,2024-03-03 10:43:02.428403,"596 Smith Inlet, Andrewbury, VI 45754",Order for Camo Chic Kimono,2026-02-25T10:46:51.189410,2026-02-25T10:46:51.189410,pos_system,2026-02-25T11:15:16.465418,101,0
103.0,494.0,1584.0,21.0,3.0,3000.0,,10.0,900.0,8.0,648.0,8748.0,Debit Card,Completed,2024-02-28,2024-02-28 16:48:23.905215,2024-03-04 16:48:23.905215,"32232 Nelson Way, North Josephside, LA 33156",,2026-02-25T10:46:51.210252,2026-02-25T10:46:51.210252,pos_system,2026-02-25T11:15:16.465418,102,0
104.0,198.0,2441.0,6.0,3.0,4500.0,13500.0,0.0,0.0,8.0,1080.0,14580.0,Debit Card,Completed,2024-02-22,2024-02-22 07:25:37.298499,2024-02-25 07:25:37.298499,"9773 Gregory Run, South Williamburgh, NY 99937",Order for Functional Dynamic Polos,2026-02-25T10:46:51.231438,2026-02-25T10:46:51.231438,pos_system,2026-02-25T11:15:16.465418,103,0
105.0,198.0,41.0,4.0,2.0,4500.0,9000.0,,0.0,8.0,720.0,9720.0,Debit Card,Completed,2024-08-08,2024-08-08 09:34:27.762336,2024-08-11 09:34:27.762336,"9773 Gregory Run, South Williamburgh, NY 99937",Order for Classic Tailored T-Shirts,2026-02-25T10:46:51.252740,2026-02-25T10:46:51.252740,pos_system,2026-02-25T11:15:16.465418,104,0
106.0,245.0,709.0,16.0,2.0,11500.0,23000.0,0.0,0.0,8.0,1840.0,24840.0,Credit Card,Completed,2024-09-29,,2024-10-01 18:39:50.963296,"55116 Brittany Well Apt. 599, Laurenhaven, WY 33773",Order for Essential Refined Coats,2026-02-25T10:46:51.274130,2026-02-25T10:46:51.274130,pos_system,2026-02-25T11:15:16.465418,105,0
107.0,114.0,1944.0,1.0,3.0,11500.0,34500.0,5.0,1725.0,8.0,2622.0,35397.0,Debit Card,Cancelled,2024-08-30,2024-08-30 13:42:42.131428,,"8750 Hernandez Loop, West Chadburgh, VI 89363",Order for Lightweight Tailored Utility Pants,2026-02-25T10:46:51.295418,2026-02-25T10:46:51.295418,pos_system,2026-02-25T11:15:16.465418,106,0
108.0,338.0,1346.0,,3.0,5000.0,15000.0,0.0,0.0,8.0,1200.0,16200.0,,Completed,2024-03-29,2024-03-29 20:52:42.866258,2024-04-04 20:52:42.866258,"8175 Lisa Hills Apt. 165, Susanside, NY 11722",Order for Dynamic Tailored Beach Wear,2026-02-25T10:46:51.316464,2026-02-25T10:46:51.316464,pos_system,2026-02-25T11:15:16.465418,107,0
109.0,330.0,2104.0,24.0,2.0,9000.0,18000.0,5.0,900.0,8.0,1368.0,,Digital Wallet,Completed,2024-04-23,2024-04-23 14:47:16.522854,2024-04-29 14:47:16.522854,"83190 Michelle Manor Suite 929, West Travishaven, AS 28238",Order for Wide Leg Dynamic Denim Jackets,2026-02-25T10:46:51.337748,2026-02-25T10:46:51.337748,pos_system,2026-02-25T11:15:16.465418,108,0
110.0,289.0,582.0,19.0,2.0,6000.0,12000.0,10.0,,8.0,864.0,11664.0,Digital Wallet,Completed,2024-03-29,2024-03-29 14:59:21.393710,2024-04-02 14:59:21.393710,"1917 White Stream, Port James, TN 46256",Order for Soft Trendy Beach Wear,2026-02-25T10:46:51.358791,2026-02-25T10:46:51.358791,pos_system,2026-02-25T11:15:16.466414,109,0
111.0,,508.0,1.0,1.0,14000.0,14000.0,0.0,0.0,8.0,1120.0,15120.0,Bank Transfer,Completed,2024-04-20,,2024-04-22 01:53:37.438439,"25271 Phillips Estates, East Deborah, AZ 13550",Order for Retro Neutral Utility Pants,2026-02-25T10:46:51.381655,2026-02-25T10:46:51.381655,pos_system,2026-02-25T11:15:16.466414,110,0
112.0,499.0,1246.0,22.0,1.0,12000.0,12000.0,0.0,0.0,8.0,960.0,12960.0,Debit Card,Completed,2024-04-10,2024-04-10 11:04:04.282179,,"Unit 5993 Box 5499, DPO AP 45316",Order for Comfy Casual Hoodies & Jackets,2026-02-25T10:46:51.403065,2026-02-25T10:46:51.403065,pos_system,2026-02-25T11:15:16.466414,111,0
113.0,294.0,2004.0,2.0,2.0,14500.0,29000.0,15.0,4350.0,8.0,1972.0,26622.0,COD,Completed,2024-01-03,2024-01-03 06:49:52.040569,2024-01-08 06:49:52.040569,"707 Thompson Prairie, North Danielstad, NM 14059",Order for Preppy Lightweight Denim Jackets,2026-02-25T10:46:51.424178,2026-02-25T10:46:51.424178,pos_system,2026-02-25T11:15:16.466414,112,0
114.0,307.0,606.0,5.0,1.0,3000.0,3000.0,0.0,0.0,8.0,240.0,3240.0,Credit Card,Completed,2024-02-24,2024-02-24 07:50:34.231459,2024-02-27 07:50:34.231459,"2748 Sarah Glens, Port Jamesport, LA 97419",Order for Relaxed Camo Shorts,2026-02-25T10:46:51.445591,2026-02-25T10:46:51.445591,pos_system,2026-02-25T11:15:16.466414,113,0
115.0,384.0,1125.0,1.0,2.0,4500.0,9000.0,0.0,0.0,8.0,720.0,9720.0,Debit Card,Completed,2024-10-29,2024-10-29 21:19:34.059968,2024-11-02 21:19:34.059968,"3684 Stark Heights, Thomasport, TN 78930",Order for Camo Minimalist T-Shirts,2026-02-25T10:46:51.466881,2026-02-25T10:46:51.466881,pos_system,2026-02-25T11:15:16.466414,114,0
116.0,337.0,2323.0,17.0,2.0,8000.0,16000.0,0.0,0.0,8.0,1280.0,17280.0,Credit Card,Completed,2024-05-20,2024-05-20 07:08:59.729777,2024-05-26 07:08:59.729777,"657 Chavez Gateway, East Jamiemouth, ND 90422",Order for Trendy Layered Hoodies & Jackets,2026-02-25T10:46:51.487763,2026-02-25T10:46:51.487763,pos_system,2026-02-25T11:15:16.466414,115,0
117.0,463.0,251.0,4.0,1.0,5500.0,5500.0,0.0,0.0,8.0,440.0,5940.0,Credit Card,Cancelled,2024-01-22,2024-01-22 07:01:09.168186,,"37871 Ryan Forest Suite 342, Amandaberg, AR 18011",Order for Retro Casual Chinos,2026-02-25T10:46:51.508838,2026-02-25T10:46:51.508838,pos_system,2026-02-25T11:15:16.466414,116,0
118.0,305.0,1848.0,15.0,3.0,4000.0,12000.0,5.0,600.0,8.0,912.0,12312.0,Bank Transfer,Completed,2024-09-28,2024-09-28 11:39:16.001940,2024-10-05 11:39:16.001940,"70843 Courtney Throughway, North Joannaland, NC 96120",Order for Modern Structured Tanks,2026-02-25T10:46:51.529825,2026-02-25T10:46:51.529825,pos_system,2026-02-25T11:15:16.466414,117,0
119.0,361.0,1971.0,7.0,2.0,9500.0,19000.0,0.0,0.0,8.0,1520.0,20520.0,Credit Card,Completed,2024-03-25,2024-03-25 18:27:01.155934,2024-04-01 18:27:01.155934,"7780 Stephen Road Apt. 689, Huntermouth, CT 58588",Order for Retro Refined Cardigans,2026-02-25T10:46:51.550388,2026-02-25T10:46:51.550388,pos_system,2026-02-25T11:15:16.466414,118,0
120.0,186.0,1988.0,,1.0,3000.0,3000.0,,0.0,8.0,240.0,3240.0,Digital Wallet,,2024-09-14,2024-09-14 09:52:05.981314,2024-09-17 09:52:05.981314,"Unit 2968 Box 5501, DPO AP 88198",Order for Structured Preppy Oversize Tee,2026-02-25T10:46:51.571714,2026-02-25T10:46:51.571714,pos_system,2026-02-25T11:15:16.466414,119,0
121.0,442.0,228.0,18.0,3.0,4000.0,12000.0,0.0,,8.0,960.0,12960.0,,Completed,2024-09-18,2024-09-18 11:23:59.721494,2024-09-20 11:23:59.721494,"8635 Jones Point Suite 408, North Andrewtown, TN 44339",Order for Heritage Minimalist Sweatshirts,2026-02-25T10:46:51.592972,2026-02-25T10:46:51.592972,pos_system,2026-02-25T11:15:16.466414,120,0
122.0,212.0,1676.0,8.0,2.0,11500.0,23000.0,0.0,0.0,8.0,1840.0,24840.0,Credit Card,Completed,2024-01-07,2024-01-07 07:37:32.090352,2024-01-14 07:37:32.090352,"767 Willie Plaza, Audreyfort, NH 54971",Order for Modern Smart Kimono,2026-02-25T10:46:51.615543,2026-02-25T10:46:51.615543,pos_system,2026-02-25T11:15:16.466414,121,0
123.0,382.0,1413.0,2.0,,14500.0,14500.0,0.0,0.0,8.0,1160.0,15660.0,Bank Transfer,Failed,2024-08-03,2024-08-03 09:24:55.814484,,"PSC 1447, Box 1452, APO AA 29534",Order for Structured Heritage Kimono,2026-02-25T10:46:51.636251,2026-02-25T10:46:51.636251,pos_system,2026-02-25T11:15:16.466414,122,0
124.0,72.0,1524.0,7.0,3.0,9500.0,28500.0,5.0,1425.0,8.0,2166.0,29241.0,Digital Wallet,Completed,2024-02-23,2024-02-23 08:18:52.441827,2024-02-25 08:18:52.441827,"996 Moore Islands Apt. 737, Heathertown, TN 72939",Order for Structured Functional Coats,2026-02-25T10:46:51.657871,2026-02-25T10:46:51.657871,pos_system,2026-02-25T11:15:16.466414,123,0
125.0,470.0,1655.0,24.0,1.0,5000.0,5000.0,0.0,0.0,8.0,400.0,5400.0,Credit Card,Cancelled,2024-06-09,2024-06-09 02:00:57.804681,,"289 Morgan Stream Suite 709, Shawburgh, DE 60167",Order for Urban Trendy Joggers & Pants,2026-02-25T10:46:51.679135,2026-02-25T10:46:51.679135,pos_system,2026-02-25T11:15:16.466414,124,0
126.0,134.0,861.0,13.0,1.0,2500.0,2500.0,0.0,0.0,,200.0,2700.0,COD,Completed,2024-04-20,2024-04-20 00:47:26.277420,2024-04-23 00:47:26.277420,"8917 Steve Hill, Fostertown, AK 23789",Order for Urban Textured Shorts,2026-02-25T10:46:51.699814,2026-02-25T10:46:51.699814,pos_system,2026-02-25T11:15:16.466414,125,0
127.0,63.0,1963.0,5.0,3.0,10000.0,30000.0,0.0,0.0,8.0,2400.0,32400.0,Bank Transfer,Completed,2024-01-30,2024-01-30 21:40:03.056230,2024-02-06 21:40:03.056230,"086 Nicole Forge, East Gregorytown, MN 75819",Order for Rustic Smart Denim Jackets,2026-02-25T10:46:51.721034,2026-02-25T10:46:51.721034,pos_system,2026-02-25T11:15:16.466414,126,0
128.0,247.0,1414.0,5.0,3.0,4000.0,,0.0,0.0,8.0,960.0,12960.0,COD,Completed,2024-08-16,2024-08-16 19:24:16.298759,2024-08-22 19:24:16.298759,"1799 Tina Trail, Port Susanside, AL 19476",Order for Heritage Modern Shorts,2026-02-25T10:46:51.741855,2026-02-25T10:46:51.741855,pos_system,2026-02-25T11:15:16.466414,127,0
129.0,37.0,1628.0,14.0,2.0,2500.0,5000.0,,500.0,8.0,360.0,4860.0,Debit Card,Completed,2024-06-24,2024-06-24 11:12:09.344532,2024-06-30 11:12:09.344532,"0072 Garza Crest Suite 746, Nancyville, VA 16375",Order for Trendy Dynamic Polos,2026-02-25T10:46:51.762592,2026-02-25T10:46:51.762592,pos_system,2026-02-25T11:15:16.466414,128,0
130.0,249.0,1961.0,15.0,1.0,5000.0,5000.0,0.0,0.0,8.0,400.0,5400.0,COD,Failed,2024-09-13,2024-09-13 21:29:30.433432,,"Unit 1097 Box 8073, DPO AE 68139",Order for Soft Relaxed Sweatshirts,2026-02-25T10:46:51.784117,2026-02-25T10:46:51.784117,pos_system,2026-02-25T11:15:16.466414,129,0
131.0,13.0,2420.0,,2.0,2500.0,5000.0,0.0,0.0,8.0,400.0,5400.0,Debit Card,Completed,2024-09-17,2024-09-17 01:26:47.367475,2024-09-21 01:26:47.367475,"549 Douglas Greens, Lake Annshire, MN 83044",Order for Sporty Oversized Polos,2026-02-25T10:46:51.805020,2026-02-25T10:46:51.805020,pos_system,2026-02-25T11:15:16.467407,130,0
132.0,496.0,1465.0,3.0,3.0,4000.0,12000.0,10.0,1200.0,8.0,864.0,11664.0,Credit Card,Completed,2024-08-08,2024-08-08 13:08:33.182422,2024-08-13 13:08:33.182422,"0393 Davis Vista, West Ericaport, PR 47393",Order for Minimalist Functional Oversize Tee,2026-02-25T10:46:51.826025,2026-02-25T10:46:51.826025,pos_system,2026-02-25T11:15:16.467407,131,0
133.0,234.0,1727.0,19.0,2.0,15000.0,30000.0,0.0,0.0,8.0,2400.0,32400.0,COD,Cancelled,2024-07-30,2024-07-30 07:25:27.692418,,"921 Shane Mills Suite 295, Bradleyfort, MD 78798",Order for Oversized Textured Hoodies & Jackets,2026-02-25T10:46:51.847710,2026-02-25T10:46:51.847710,pos_system,2026-02-25T11:15:16.467407,132,0
134.0,487.0,1512.0,13.0,,3000.0,6000.0,10.0,600.0,,432.0,5832.0,Debit Card,Completed,2024-08-06,2024-08-06 12:24:07.671103,2024-08-12 12:24:07.671103,"8917 Arthur Mountains, Youngberg, NY 19574",Order for Minimalist Vintage Oversize Tee,2026-02-25T10:46:51.868726,2026-02-25T10:46:51.868726,pos_system,2026-02-25T11:15:16.467407,133,0
135.0,332.0,1437.0,3.0,2.0,4000.0,8000.0,0.0,0.0,8.0,640.0,8640.0,Credit Card,Completed,2024-03-19,2024-03-19 02:42:53.367072,2024-03-23 02:42:53.367072,"112 Jessica Point, North Rachel, PW 61568",Order for Retro Essential Sweatshirts,2026-02-25T10:46:51.889717,2026-02-25T10:46:51.889717,pos_system,2026-02-25T11:15:16.467407,134,0
136.0,45.0,1631.0,15.0,3.0,5500.0,,0.0,0.0,8.0,1320.0,17820.0,Credit Card,Completed,2024-05-17,,2024-05-21 16:26:27.468973,"61799 Jennifer Village Apt. 371, West Pam, MP 84541",Order for Minimalist Oversized Chinos,2026-02-25T10:46:51.910708,2026-02-25T10:46:51.910708,pos_system,2026-02-25T11:15:16.467407,135,0
137.0,251.0,866.0,6.0,2.0,14500.0,29000.0,0.0,0.0,8.0,2320.0,31320.0,Credit Card,Completed,2024-07-22,2024-07-22 16:35:44.910863,2024-07-24 16:35:44.910863,"90509 Davis Isle, Coltonview, HI 60568",Order for Rustic Refined Hoodies & Jackets,2026-02-25T10:46:51.931714,2026-02-25T10:46:51.931714,pos_system,2026-02-25T11:15:16.467407,136,0
138.0,342.0,1418.0,5.0,3.0,3500.0,10500.0,10.0,1050.0,8.0,756.0,10206.0,Debit Card,Returned,2024-06-09,2024-06-09 07:37:13.348827,2024-06-15 07:37:13.348827,"616 Walter Lane, Davisfort, ND 35965",Order for Modern Structured Sweatshirts,2026-02-25T10:46:51.952711,2026-02-25T10:46:51.952711,pos_system,2026-02-25T11:15:16.467407,137,0
139.0,155.0,2107.0,18.0,2.0,15000.0,30000.0,0.0,0.0,,2400.0,32400.0,COD,Completed,2024-03-07,2024-03-07 01:48:19.099817,2024-03-10 01:48:19.099817,"5103 Brent Hill, East Noahhaven, AL 18447",Order for Modern Classic Cardigans,2026-02-25T10:46:51.973712,2026-02-25T10:46:51.973712,pos_system,2026-02-25T11:15:16.467407,138,0
140.0,60.0,266.0,19.0,1.0,11500.0,11500.0,0.0,0.0,8.0,920.0,12420.0,Debit Card,Completed,2024-04-11,2024-04-11 00:13:39.076295,2024-04-16 00:13:39.076295,"741 Michael Point, Gordonchester, KY 13136",Order for Tailored Heritage Utility Pants,2026-02-25T10:46:51.994614,2026-02-25T10:46:51.994614,pos_system,2026-02-25T11:15:16.467407,139,0
141.0,118.0,1014.0,2.0,2.0,10000.0,20000.0,10.0,2000.0,8.0,1440.0,19440.0,Credit Card,Completed,2024-07-10,2024-07-10 19:28:05.196007,2024-07-14 19:28:05.196007,"392 Lee Drive Suite 817, Amandashire, VA 09578",Order for Urban Bright Denim Jackets,2026-02-25T10:46:52.015863,2026-02-25T10:46:52.015863,pos_system,2026-02-25T11:15:16.467407,140,0
142.0,304.0,66.0,19.0,1.0,2500.0,2500.0,0.0,0.0,8.0,200.0,2700.0,Debit Card,Completed,,2024-04-03 03:31:24.429668,2024-04-10 03:31:24.429668,"87208 Jose Tunnel Apt. 942, Codystad, IA 92584",Order for Layered Preppy Shorts,2026-02-25T10:46:52.036822,2026-02-25T10:46:52.036822,pos_system,2026-02-25T11:15:16.467407,141,0
143.0,329.0,2266.0,17.0,3.0,4000.0,12000.0,10.0,1200.0,8.0,864.0,11664.0,Credit Card,Completed,2024-09-07,2024-09-07 14:21:33.495515,2024-09-09 14:21:33.495515,"55330 Tyler Wall Apt. 761, Lake Jaimeview, VI 00657",Order for Refined Bold Shorts,2026-02-25T10:46:52.058072,2026-02-25T10:46:52.058072,pos_system,2026-02-25T11:15:16.467407,142,0
144.0,118.0,1854.0,1.0,1.0,3500.0,3500.0,0.0,0.0,8.0,280.0,3780.0,Digital Wallet,Completed,,2024-05-25 19:12:11.722146,2024-06-01 19:12:11.722146,"392 Lee Drive Suite 817, Amandashire, VA 09578",Order for Soft Tailored Sweatshirts,2026-02-25T10:46:52.078600,2026-02-25T10:46:52.078600,pos_system,2026-02-25T11:15:16.467407,143,0
145.0,188.0,2423.0,15.0,2.0,12500.0,25000.0,,0.0,,2000.0,27000.0,Debit Card,Completed,2024-08-19,2024-08-19 09:27:52.957760,2024-08-25 09:27:52.957760,"5000 Yoder Gateway, Jeremyview, AR 42330",Order for Retro Essential Hoodies & Jackets,2026-02-25T10:46:52.102079,2026-02-25T10:46:52.102079,pos_system,2026-02-25T11:15:16.467407,144,0
146.0,493.0,1983.0,11.0,2.0,5000.0,10000.0,0.0,0.0,8.0,800.0,10800.0,Credit Card,Completed,2024-01-30,2024-01-30 06:43:47.930262,,"Unit 6721 Box 9702, DPO AE 87555",Order for Elegant Preppy Chinos,2026-02-25T10:46:52.123367,2026-02-25T10:46:52.123367,pos_system,2026-02-25T11:15:16.467407,145,0
147.0,258.0,868.0,,3.0,2500.0,7500.0,0.0,0.0,8.0,600.0,8100.0,Credit Card,Completed,2024-02-03,2024-02-03 00:45:42.569757,2024-02-07 00:45:42.569757,"905 Hall Loaf Apt. 623, Andreafurt, UT 75518",Order for Patterned Tailored Joggers & Pants,2026-02-25T10:46:52.144240,2026-02-25T10:46:52.144240,pos_system,2026-02-25T11:15:16.467407,146,0
148.0,249.0,356.0,6.0,3.0,9500.0,28500.0,0.0,0.0,8.0,2280.0,30780.0,Credit Card,Completed,2024-06-28,2024-06-28 06:42:16.028669,2024-07-01 06:42:16.028669,"Unit 1097 Box 8073, DPO AE 68139",Order for Trendy Minimalist Kimono,2026-02-25T10:46:52.165356,2026-02-25T10:46:52.165356,pos_system,2026-02-25T11:15:16.467407,147,0
149.0,19.0,766.0,1.0,3.0,2500.0,7500.0,0.0,0.0,8.0,600.0,8100.0,Credit Card,,2024-07-11,2024-07-11 23:39:21.422066,2024-07-16 23:39:21.422066,"3743 Kristen Motorway Suite 202, East Jennifertown, SC 47907",Order for Statement Layered Tanks,2026-02-25T10:46:52.186850,2026-02-25T10:46:52.186850,pos_system,2026-02-25T11:15:16.467407,148,0
150.0,88.0,1834.0,22.0,1.0,12000.0,12000.0,10.0,1200.0,8.0,864.0,11664.0,Debit Card,Completed,2024-09-20,2024-09-20 08:43:49.330724,2024-09-24 08:43:49.330724,"157 David Corners, North Taylorfort, RI 59751",Order for Retro Essential Coats,2026-02-25T10:46:52.207974,2026-02-25T10:46:52.207974,pos_system,2026-02-25T11:15:16.467407,149,0
151.0,173.0,2420.0,13.0,1.0,2500.0,2500.0,0.0,0.0,8.0,200.0,2700.0,Credit Card,Completed,2024-10-07,2024-10-07 04:05:56.644137,2024-10-10 04:05:56.644137,"92707 Marc Prairie Apt. 681, Port Jennifer, PA 68114",Order for Sporty Oversized Polos,2026-02-25T10:46:52.229194,2026-02-25T10:46:52.229194,pos_system,2026-02-25T11:15:16.467407,150,0
152.0,459.0,1567.0,24.0,3.0,,13500.0,5.0,675.0,8.0,1026.0,13851.0,Debit Card,Completed,2024-08-14,2024-08-14 15:58:25.147648,2024-08-16 15:58:25.147648,"531 Stephen Mountain Apt. 775, Port Christophermouth, AR 67592",Order for Casual Luxury Track Pants,2026-02-25T10:46:52.250126,2026-02-25T10:46:52.250126,pos_system,2026-02-25T11:15:16.468401,151,0
153.0,452.0,1105.0,15.0,1.0,10000.0,10000.0,0.0,0.0,8.0,800.0,10800.0,Bank Transfer,Completed,2024-03-23,2024-03-23 17:34:50.177857,2024-03-27 17:34:50.177857,"USCGC Adams, FPO AP 56410",Order for Structured Sporty Kimono,2026-02-25T10:46:52.271649,2026-02-25T10:46:52.271649,pos_system,2026-02-25T11:15:16.468401,152,0
154.0,388.0,1725.0,17.0,1.0,9500.0,9500.0,0.0,0.0,8.0,760.0,10260.0,Digital Wallet,Completed,2024-04-13,2024-04-13 22:35:55.169943,2024-04-19 22:35:55.169943,"5690 Antonio Road Suite 353, New Jennifermouth, IN 36408",Order for Urban Relaxed Hoodies & Jackets,2026-02-25T10:46:52.292783,2026-02-25T10:46:52.292783,pos_system,2026-02-25T11:15:16.468401,153,0
155.0,176.0,2037.0,19.0,2.0,3000.0,6000.0,0.0,0.0,8.0,480.0,6480.0,Debit Card,Pending,2024-02-04,2024-02-04 22:51:22.388792,2024-02-11 22:51:22.388792,"87883 Michael Squares Suite 144, South Michael, KY 31983",Order for Comfy Bright T-Shirts,2026-02-25T10:46:52.313713,2026-02-25T10:46:52.313713,pos_system,2026-02-25T11:15:16.468401,154,0
156.0,365.0,1869.0,9.0,2.0,4500.0,9000.0,5.0,450.0,8.0,684.0,9234.0,Credit Card,Completed,2024-02-08,2024-02-08 21:23:01.826106,2024-02-12 21:23:01.826106,"Unit 1065 Box 1820, DPO AE 18156",Order for Tailored Elegant Track Pants,2026-02-25T10:46:52.335768,2026-02-25T10:46:52.335768,pos_system,2026-02-25T11:15:16.468401,155,0
157.0,243.0,1463.0,24.0,3.0,4500.0,13500.0,0.0,0.0,,1080.0,14580.0,Bank Transfer,Returned,2024-02-22,2024-02-22 23:09:27.302480,2024-02-29 23:09:27.302480,"6620 Smith Avenue, North Yvonnefurt, MI 53487",Order for Casual Minimalist Sweatshirts,2026-02-25T10:46:52.357106,2026-02-25T10:46:52.357106,pos_system,2026-02-25T11:15:16.468401,156,0
158.0,109.0,350.0,7.0,2.0,,7000.0,0.0,0.0,8.0,560.0,7560.0,Digital Wallet,Completed,2024-05-07,2024-05-07 17:45:52.360306,2024-05-14 17:45:52.360306,"214 Rebecca Forges, Harrisonborough, WV 97997",Order for Modern Essential Polos,2026-02-25T10:46:52.378304,2026-02-25T10:46:52.378304,pos_system,2026-02-25T11:15:16.468401,157,0
159.0,301.0,2073.0,3.0,1.0,13500.0,13500.0,0.0,0.0,8.0,1080.0,14580.0,Bank Transfer,Completed,,2024-04-12 18:32:27.907530,2024-04-15 18:32:27.907530,"905 Nelson Circles, Thomashaven, RI 94107",Order for Dynamic Textured Utility Pants,2026-02-25T10:46:52.399374,2026-02-25T10:46:52.399374,pos_system,2026-02-25T11:15:16.468401,158,0
160.0,365.0,6.0,1.0,3.0,12500.0,37500.0,0.0,0.0,8.0,3000.0,40500.0,Debit Card,Completed,2024-09-04,2024-09-04 04:53:33.656446,,"Unit 1065 Box 1820, DPO AE 18156",Order for Urban Urban Blazers,2026-02-25T10:46:52.419903,2026-02-25T10:46:52.419903,pos_system,2026-02-25T11:15:16.468401,159,0
161.0,367.0,856.0,20.0,2.0,15000.0,30000.0,15.0,4500.0,,2040.0,27540.0,Bank Transfer,Completed,2024-10-06,2024-10-06 12:11:10.962159,2024-10-11 12:11:10.962159,"USS Ponce, FPO AP 40596",Order for Camo Functional Denim Jackets,2026-02-25T10:46:52.440592,2026-02-25T10:46:52.440592,pos_system,2026-02-25T11:15:16.468401,160,0
162.0,276.0,448.0,17.0,1.0,2500.0,,0.0,0.0,8.0,200.0,,Bank Transfer,Completed,2024-04-04,2024-04-04 01:12:57.085282,2024-04-11 01:12:57.085282,"83538 Geoffrey Center, Daniellebury, LA 40429",Order for Edgy Luxury Joggers & Pants,2026-02-25T10:46:52.461839,2026-02-25T10:46:52.461839,pos_system,2026-02-25T11:15:16.468401,161,0
163.0,59.0,540.0,2.0,1.0,13500.0,13500.0,0.0,0.0,8.0,1080.0,14580.0,Digital Wallet,Completed,2024-05-10,2024-05-10 01:05:43.513573,2024-05-14 01:05:43.513573,"1926 Cameron Branch Apt. 323, Lake Kevin, VI 40653",Order for Patterned Oversized Blazers,2026-02-25T10:46:52.483478,2026-02-25T10:46:52.483478,pos_system,2026-02-25T11:15:16.468401,162,0
164.0,242.0,2482.0,18.0,1.0,3500.0,3500.0,0.0,0.0,8.0,280.0,3780.0,Debit Card,Completed,2024-08-14,2024-08-14 16:58:02.495665,2024-08-17 16:58:02.495665,"94330 Angela Circle Suite 662, New Kendra, WV 69002",Order for Minimalist Functional Polos,2026-02-25T10:46:52.504496,2026-02-25T10:46:52.504496,pos_system,2026-02-25T11:15:16.468401,163,0
165.0,36.0,657.0,2.0,2.0,12000.0,,0.0,0.0,8.0,1920.0,,COD,Completed,2024-07-19,2024-07-19 23:36:15.184853,2024-07-25 23:36:15.184853,"16124 Eric Motorway, Jessicafort, PR 55062",Order for Layered Heritage Utility Pants,2026-02-25T10:46:52.525264,2026-02-25T10:46:52.525264,pos_system,2026-02-25T11:15:16.468401,164,0
166.0,477.0,2484.0,13.0,1.0,10000.0,10000.0,5.0,,8.0,760.0,10260.0,Debit Card,Completed,2024-10-21,2024-10-21 05:48:39.438095,2024-10-25 05:48:39.438095,"Unit 1851 Box 2102, DPO AP 72266",Order for Casual Preppy Hoodies & Jackets,2026-02-25T10:46:52.546200,2026-02-25T10:46:52.546200,pos_system,2026-02-25T11:15:16.468401,165,0
167.0,82.0,1332.0,4.0,2.0,4500.0,9000.0,0.0,0.0,8.0,720.0,9720.0,COD,Completed,2024-07-30,2024-07-30 08:12:05.250882,2024-08-02 08:12:05.250882,"PSC 8876, Box 8415, APO AA 53943",Order for Heritage Edgy T-Shirts,2026-02-25T10:46:52.567306,2026-02-25T10:46:52.567306,pos_system,2026-02-25T11:15:16.468401,166,0
168.0,133.0,201.0,,2.0,11500.0,23000.0,10.0,2300.0,8.0,1656.0,22356.0,Digital Wallet,Completed,2024-08-28,2024-08-28 06:58:29.740301,2024-09-01 06:58:29.740301,"753 Dean Green, Tracybury, TN 11376",Order for Neutral Comfy Coats,2026-02-25T10:46:52.588089,2026-02-25T10:46:52.588089,pos_system,2026-02-25T11:15:16.468401,167,0
169.0,347.0,633.0,12.0,3.0,5000.0,15000.0,10.0,1500.0,8.0,1080.0,14580.0,Bank Transfer,Completed,2024-09-12,2024-09-12 02:53:39.374624,2024-09-18 02:53:39.374624,"24256 Chung Summit, Mathewsbury, NY 06118",Order for Luxury Elegant Track Pants,2026-02-25T10:46:52.609758,2026-02-25T10:46:52.609758,pos_system,2026-02-25T11:15:16.468401,168,0
170.0,454.0,1213.0,18.0,3.0,3500.0,10500.0,5.0,525.0,8.0,798.0,10773.0,Credit Card,Completed,2024-01-12,2024-01-12 05:09:32.174104,2024-01-18 05:09:32.174104,,Order for Bright Vintage Track Pants,2026-02-25T10:46:52.630360,2026-02-25T10:46:52.630360,pos_system,2026-02-25T11:15:16.468401,169,0
171.0,22.0,1881.0,19.0,1.0,10000.0,10000.0,5.0,500.0,8.0,760.0,10260.0,Bank Transfer,Completed,2024-10-22,2024-10-22 07:31:32.704124,2024-10-27 07:31:32.704124,"59182 Reid Square, New Rodney, CO 15693",Order for Trendy Essential Utility Pants,2026-02-25T10:46:52.652012,2026-02-25T10:46:52.652012,pos_system,2026-02-25T11:15:16.468401,170,0
172.0,77.0,1970.0,1.0,1.0,3500.0,3500.0,10.0,,8.0,252.0,,Debit Card,Completed,2024-09-06,2024-09-06 11:46:41.050552,2024-09-13 11:46:41.050552,"257 Hamilton Tunnel, Bowenberg, NH 23231",Order for Classic Neutral Shorts,2026-02-25T10:46:52.673132,2026-02-25T10:46:52.673132,pos_system,2026-02-25T11:15:16.468401,171,0
173.0,146.0,1700.0,18.0,3.0,3000.0,9000.0,0.0,0.0,8.0,720.0,9720.0,Debit Card,Completed,2024-09-17,2024-09-17 11:22:13.234976,2024-09-19 11:22:13.234976,"78752 Edward Villages Suite 831, Port Derrick, NE 88360",Order for Elegant Camo Joggers & Pants,2026-02-25T10:46:52.695444,2026-02-25T10:46:52.695444,pos_system,2026-02-25T11:15:16.468401,172,0
174.0,368.0,2238.0,19.0,1.0,5000.0,5000.0,0.0,0.0,8.0,400.0,5400.0,Debit Card,Completed,2024-08-02,2024-08-02 00:34:41.365885,2024-08-08 00:34:41.365885,"2177 Benjamin Burgs, East Joseland, PA 05537",Order for Trendy Soft Chinos,2026-02-25T10:46:52.716572,2026-02-25T10:46:52.716572,pos_system,2026-02-25T11:15:16.469411,173,0
175.0,21.0,45.0,17.0,3.0,4000.0,12000.0,0.0,0.0,8.0,960.0,12960.0,Debit Card,Completed,2024-06-13,2024-06-13 23:39:48.982469,2024-06-17 23:39:48.982469,"8153 Alan Mills, Katieside, MO 43065",Order for Relaxed Bold Chinos,2026-02-25T10:46:52.737209,2026-02-25T10:46:52.737209,pos_system,2026-02-25T11:15:16.469411,174,0
176.0,,910.0,16.0,2.0,4000.0,8000.0,0.0,0.0,8.0,640.0,8640.0,COD,Completed,2024-05-12,2024-05-12 06:17:43.018625,2024-05-17 06:17:43.018625,"250 Mitchell Prairie Apt. 661, Rodneystad, MA 89790",Order for Preppy Essential Polos,2026-02-25T10:46:52.758505,2026-02-25T10:46:52.758505,pos_system,2026-02-25T11:15:16.469411,175,0
177.0,357.0,2472.0,13.0,2.0,4000.0,8000.0,10.0,800.0,8.0,576.0,7776.0,COD,Completed,2024-09-18,2024-09-18 13:12:08.585912,2024-09-20 13:12:08.585912,"271 Rose Common, New Shannon, AZ 11651",Order for Statement Edgy Polos,2026-02-25T10:46:52.779747,2026-02-25T10:46:52.779747,pos_system,2026-02-25T11:15:16.469411,176,0
178.0,192.0,435.0,6.0,1.0,13000.0,13000.0,0.0,0.0,8.0,1040.0,14040.0,Bank Transfer,Completed,2024-09-25,2024-09-25 05:53:12.186548,2024-10-02 05:53:12.186548,"1972 Rachel Greens, Port Christine, KS 70339",Order for Trendy Slim Fit Kimono,2026-02-25T10:46:52.800386,2026-02-25T10:46:52.800386,pos_system,2026-02-25T11:15:16.469411,177,0
179.0,59.0,1033.0,5.0,2.0,4500.0,9000.0,5.0,450.0,8.0,684.0,9234.0,COD,Completed,2024-05-03,2024-05-03 01:23:51.849090,2024-05-10 01:23:51.849090,"1926 Cameron Branch Apt. 323, Lake Kevin, VI 40653",Order for Luxury Classic Track Pants,2026-02-25T10:46:52.821102,2026-02-25T10:46:52.821102,pos_system,2026-02-25T11:15:16.469411,178,0
180.0,469.0,1884.0,19.0,1.0,3500.0,3500.0,0.0,0.0,8.0,280.0,3780.0,COD,Completed,,2024-04-03 07:44:56.615135,2024-04-09 07:44:56.615135,"7996 Stephanie Estate, North Christopher, MP 25460",Order for Sporty Edgy Polos,2026-02-25T10:46:52.842758,2026-02-25T10:46:52.842758,pos_system,2026-02-25T11:15:16.469411,179,0
181.0,483.0,2037.0,19.0,1.0,3000.0,3000.0,0.0,0.0,8.0,240.0,3240.0,Debit Card,Completed,2024-07-16,2024-07-16 20:44:44.972824,2024-07-20 20:44:44.972824,"455 Jennifer Route Suite 714, Port Taylor, RI 95251",Order for Comfy Bright T-Shirts,2026-02-25T10:46:52.863344,2026-02-25T10:46:52.863344,pos_system,2026-02-25T11:15:16.469411,180,0
182.0,437.0,1965.0,18.0,3.0,13000.0,39000.0,0.0,0.0,8.0,3120.0,42120.0,Debit Card,Completed,2024-04-03,2024-04-03 18:24:21.551444,2024-04-07 18:24:21.551444,"PSC 4373, Box 2937, APO AE 25478",Order for Edgy Preppy Hoodies & Jackets,2026-02-25T10:46:52.884502,2026-02-25T10:46:52.884502,pos_system,2026-02-25T11:15:16.469411,181,0
183.0,10.0,1707.0,3.0,1.0,14500.0,14500.0,5.0,725.0,8.0,1102.0,14877.0,Digital Wallet,Completed,2024-07-22,2024-07-22 01:52:32.196119,2024-07-29 01:52:32.196119,"086 Michelle Burgs Suite 274, Hilltown, IN 98804",Order for Neutral Elegant Blazers,2026-02-25T10:46:52.906081,2026-02-25T10:46:52.906081,pos_system,2026-02-25T11:15:16.469411,182,0
184.0,412.0,1144.0,18.0,3.0,9500.0,28500.0,0.0,0.0,8.0,2280.0,30780.0,Digital Wallet,Completed,2024-07-17,2024-07-17 22:35:01.749369,2024-07-23 22:35:01.749369,"4628 Hickman Springs, North Johnshire, CA 65585",Order for Layered Structured Coats,2026-02-25T10:46:52.928656,2026-02-25T10:46:52.928656,pos_system,2026-02-25T11:15:16.469411,183,0
185.0,13.0,186.0,19.0,2.0,,,0.0,0.0,8.0,480.0,6480.0,Credit Card,Completed,,2024-06-02 11:17:42.981019,2024-06-06 11:17:42.981019,"549 Douglas Greens, Lake Annshire, MN 83044",Order for Trendy Refined Track Pants,2026-02-25T10:46:52.950741,2026-02-25T10:46:52.950741,pos_system,2026-02-25T11:15:16.469411,184,0
186.0,259.0,2210.0,4.0,1.0,4000.0,4000.0,10.0,400.0,8.0,288.0,3888.0,Bank Transfer,Completed,2024-02-06,2024-02-06 03:22:18.034890,2024-02-11 03:22:18.034890,"2831 Stephanie Key, Haneyville, NM 75434",Order for Sporty Dynamic Polos,2026-02-25T10:46:52.971749,2026-02-25T10:46:52.971749,pos_system,2026-02-25T11:15:16.469411,185,0
187.0,105.0,,5.0,3.0,10000.0,30000.0,0.0,0.0,8.0,2400.0,32400.0,Debit Card,Completed,2024-04-29,2024-04-29 04:11:06.738621,2024-05-01 04:11:06.738621,"5786 Drew Road Apt. 879, North Heathertown, ID 15970",Order for Lightweight Patterned Cardigans,2026-02-25T10:46:52.993032,2026-02-25T10:46:52.993032,pos_system,2026-02-25T11:15:16.469411,186,0
188.0,205.0,584.0,13.0,2.0,10500.0,21000.0,10.0,2100.0,8.0,1512.0,20412.0,Credit Card,,2024-08-20,2024-08-20 10:54:56.224649,2024-08-23 10:54:56.224649,"9275 Edward Row Suite 945, Erinshire, NV 13734",Order for Elegant Elegant Denim Jackets,2026-02-25T10:46:53.013900,2026-02-25T10:46:53.013900,pos_system,2026-02-25T11:15:16.469411,187,0
189.0,391.0,2096.0,24.0,2.0,10500.0,21000.0,0.0,0.0,8.0,1680.0,22680.0,COD,Completed,2024-03-11,2024-03-11 11:25:16.660638,2024-03-18 11:25:16.660638,"84650 Tammy Crossroad Apt. 231, Barronmouth, ID 46465",Order for Bright Wide Leg Cardigans,2026-02-25T10:46:53.035222,2026-02-25T10:46:53.035222,pos_system,2026-02-25T11:15:16.469411,188,0
190.0,113.0,376.0,2.0,3.0,4500.0,13500.0,0.0,0.0,8.0,1080.0,14580.0,Bank Transfer,Completed,2024-06-13,2024-06-13 01:08:19.944141,2024-06-19 01:08:19.944141,"Unit 3202 Box 8139, DPO AP 35763",Order for Neutral Lightweight Polos,2026-02-25T10:46:53.056733,2026-02-25T10:46:53.056733,pos_system,2026-02-25T11:15:16.469411,189,0
191.0,325.0,637.0,24.0,,13000.0,13000.0,0.0,0.0,8.0,1040.0,14040.0,COD,Completed,2024-01-22,2024-01-22 15:26:46.400699,2024-01-26 15:26:46.400699,"44230 Flores Plain, Singletonmouth, MH 49526",Order for Vintage Patterned Kimono,2026-02-25T10:46:53.077759,2026-02-25T10:46:53.077759,pos_system,2026-02-25T11:15:16.469411,190,0
192.0,62.0,1418.0,5.0,3.0,3500.0,10500.0,0.0,0.0,8.0,840.0,11340.0,COD,Failed,2024-09-11,2024-09-11 10:21:17.116887,,"764 Cox Canyon Suite 058, New Matthew, IL 47409",Order for Modern Structured Sweatshirts,2026-02-25T10:46:53.099284,2026-02-25T10:46:53.099284,pos_system,2026-02-25T11:15:16.469411,191,0
193.0,254.0,659.0,24.0,3.0,5000.0,15000.0,0.0,0.0,8.0,1200.0,16200.0,Bank Transfer,Completed,2024-08-29,2024-08-29 17:06:34.108078,2024-09-02 17:06:34.108078,"Unit 6767 Box 1297, DPO AP 47274",Order for Soft Retro Oversize Tee,2026-02-25T10:46:53.120378,2026-02-25T10:46:53.120378,pos_system,2026-02-25T11:15:16.469411,192,0
194.0,24.0,737.0,5.0,3.0,14500.0,43500.0,0.0,0.0,8.0,3480.0,46980.0,Credit Card,Completed,2024-08-14,,2024-08-19 13:52:50.646968,"27302 Day Stream Suite 138, East Brucehaven, MA 35457",Order for Oversized Layered Kimono,2026-02-25T10:46:53.141480,2026-02-25T10:46:53.141480,pos_system,2026-02-25T11:15:16.469411,193,0
195.0,205.0,890.0,18.0,2.0,7000.0,14000.0,0.0,0.0,8.0,1120.0,15120.0,Credit Card,,2024-10-12,2024-10-12 23:45:35.559513,2024-10-16 23:45:35.559513,"9275 Edward Row Suite 945, Erinshire, NV 13734",Order for Tailored Elegant Chinos,2026-02-25T10:46:53.163566,2026-02-25T10:46:53.163566,pos_system,2026-02-25T11:15:16.470400,194,0
196.0,360.0,1029.0,16.0,2.0,9500.0,19000.0,0.0,0.0,8.0,1520.0,20520.0,Credit Card,Completed,2024-07-14,2024-07-14 21:33:31.874141,2024-07-16 21:33:31.874141,"PSC 2422, Box 6768, APO AP 77312",Order for Minimalist Bold Utility Pants,2026-02-25T10:46:53.184797,2026-02-25T10:46:53.184797,pos_system,2026-02-25T11:15:16.470400,195,0
197.0,435.0,809.0,14.0,1.0,12500.0,12500.0,0.0,0.0,8.0,1000.0,13500.0,Debit Card,Completed,2024-03-31,2024-03-31 19:48:16.450697,2024-04-06 19:48:16.450697,"31072 Zamora Ford Apt. 631, New Cheyennetown, ND 56482",Order for Elegant Luxury Denim Jackets,2026-02-25T10:46:53.205973,2026-02-25T10:46:53.205973,pos_system,2026-02-25T11:15:16.470400,196,0
198.0,323.0,2500.0,13.0,1.0,3000.0,3000.0,0.0,0.0,8.0,240.0,3240.0,Credit Card,Completed,2024-07-03,2024-07-03 00:49:54.165039,2024-07-07 00:49:54.165039,"8634 Molina Ranch Suite 411, East Anthonyberg, VT 13621",Order for Bright Dynamic Shorts,2026-02-25T10:46:53.226970,2026-02-25T10:46:53.226970,pos_system,2026-02-25T11:15:16.470400,197,0
199.0,311.0,40.0,16.0,3.0,4000.0,12000.0,5.0,600.0,8.0,912.0,12312.0,Credit Card,Completed,2024-06-14,2024-06-14 15:20:46.533015,2024-06-16 15:20:46.533015,"3034 Jefferson Harbors, Jesseview, VA 49413",Order for Edgy Retro Oversize Tee,2026-02-25T10:46:53.247510,2026-02-25T10:46:53.247510,pos_system,2026-02-25T11:15:16.470400,198,0
200.0,410.0,959.0,2.0,1.0,11000.0,11000.0,0.0,0.0,8.0,880.0,11880.0,COD,Completed,2024-07-14,2024-07-14 14:59:39.900620,2024-07-16 14:59:39.900620,"71644 Bradley Garden, Barrymouth, ME 77162",Order for Heritage Statement Kimono,2026-02-25T10:46:53.268630,2026-02-25T10:46:53.268630,pos_system,2026-02-25T11:15:16.470400,199,0
