user_id,name,email,email_domain,user_created_year,_curated_at,_dataset_type
1.0,christian carter,abarnett@example.com,example.com,,2026-03-10T04:25:40.797063+05:30,customer_profiles
2.0,pedro burton,daisy23@example.org,example.org,,2026-03-10T04:25:40.797063+05:30,customer_profiles
3.0,bryan ross,jeffreysparks@example.org,example.org,,2026-03-10T04:25:40.797063+05:30,customer_profiles
4.0,sara nunez,lisa81@example.com,example.com,,2026-03-10T04:25:40.797063+05:30,customer_profiles
5.0,rachel randall dds,cobbshari@example.org,example.org,,2026-03-10T04:25:40.797063+05:30,customer_profiles
6.0,jennifer torres,johnsonjohn@example.com,example.com,,2026-03-10T04:25:40.797063+05:30,customer_profiles
7.0,christine martin,hartdawn@example.org,example.org,,2026-03-10T04:25:40.797063+05:30,customer_profiles
8.0,steve johnston,hwall@example.net,example.net,,2026-03-10T04:25:40.797063+05:30,customer_profiles
9.0,laurie manning,smendoza@example.net,example.net,,2026-03-10T04:25:40.797063+05:30,customer_profiles
10.0,brian martinez,omiller@example.net,example.net,,2026-03-10T04:25:40.797063+05:30,customer_profiles
11.0,jacob henson,michael41@example.org,example.org,,2026-03-10T04:25:40.797063+05:30,customer_profiles
12.0,jesus johnson,smithrebecca@example.org,example.org,,2026-03-10T04:25:40.797063+05:30,customer_profiles
13.0,damon moore,travis98@example.org,example.org,,2026-03-10T04:25:40.797063+05:30,customer_profiles
14.0,deborah smith,myoung@example.com,example.com,,2026-03-10T04:25:40.797063+05:30,customer_profiles
15.0,nicole harris,morrisshannon@example.com,example.com,,2026-03-10T04:25:40.797063+05:30,customer_profiles
16.0,jennifer brown,adamsamy@example.org,example.org,,2026-03-10T04:25:40.797063+05:30,customer_profiles
17.0,ryan lowery,parrishaaron@example.org,example.org,,2026-03-10T04:25:40.797063+05:30,customer_profiles
18.0,matthew smith,kennedyvictoria@example.org,example.org,,2026-03-10T04:25:40.797063+05:30,customer_profiles
19.0,brian flowers,edwardskristen@example.net,example.net,,2026-03-10T04:25:40.797063+05:30,customer_profiles
20.0,nicholas kent,imueller@example.com,example.com,,2026-03-10T04:25:40.797063+05:30,customer_profiles
,ryan norton,bmaxwell@example.org,example.org,,2026-03-10T04:25:40.797063+05:30,customer_profiles
22.0,zachary thompson,hartmancory@example.org,example.org,,2026-03-10T04:25:40.797063+05:30,customer_profiles
23.0,mark hudson,lyonschristy@example.com,example.com,,2026-03-10T04:25:40.797063+05:30,customer_profiles
24.0,timothy zhang,connie65@example.net,example.net,,2026-03-10T04:25:40.797063+05:30,customer_profiles
25.0,betty terry,navarrokimberly@example.com,example.com,,2026-03-10T04:25:40.797063+05:30,customer_profiles
26.0,ruben garcia,gallen@example.net,example.net,,2026-03-10T04:25:40.797063+05:30,customer_profiles
27.0,ashley compton,osmith@example.com,example.com,,2026-03-10T04:25:40.797063+05:30,customer_profiles
28.0,joshua gallagher,banksjesus@example.org,example.org,,2026-03-10T04:25:40.797063+05:30,customer_profiles
29.0,brian freeman,ithomas@example.net,example.net,,2026-03-10T04:25:40.797063+05:30,customer_profiles
30.0,shawn wiggins,rreed@example.net,example.net,,2026-03-10T04:25:40.797063+05:30,customer_profiles
31.0,keith todd,nicholas16@example.org,example.org,,2026-03-10T04:25:40.797063+05:30,customer_profiles
32.0,madeline johnson,nwhite@example.org,example.org,,2026-03-10T04:25:40.797063+05:30,customer_profiles
33.0,ms. kathryn morris,chadgaines@example.org,example.org,,2026-03-10T04:25:40.797063+05:30,customer_profiles
34.0,joshua stewart,andrew64@example.org,example.org,,2026-03-10T04:25:40.797063+05:30,customer_profiles
35.0,sheri myers,josephjohn@example.org,example.org,,2026-03-10T04:25:40.797063+05:30,customer_profiles
36.0,mary nguyen,murraykayla@example.com,example.com,,2026-03-10T04:25:40.797063+05:30,customer_profiles
37.0,xavier velasquez,hsmith@example.com,example.com,,2026-03-10T04:25:40.797063+05:30,customer_profiles
38.0,chase gutierrez,gevans@example.net,example.net,,2026-03-10T04:25:40.797063+05:30,customer_profiles
39.0,colleen powell,aallen@example.net,example.net,,2026-03-10T04:25:40.797063+05:30,customer_profiles
40.0,william bell,iwright@example.org,example.org,,2026-03-10T04:25:40.797063+05:30,customer_profiles
41.0,keith ross,,unknown,,2026-03-10T04:25:40.797063+05:30,customer_profiles
42.0,jennifer mullen,lindamyers@example.net,example.net,,2026-03-10T04:25:40.797063+05:30,customer_profiles
43.0,matthew green,susanvasquez@example.org,example.org,,2026-03-10T04:25:40.797063+05:30,customer_profiles
44.0,jennifer jackson,gshaw@example.com,example.com,,2026-03-10T04:25:40.797063+05:30,customer_profiles
45.0,katie cooley,hannahfuller@example.org,example.org,,2026-03-10T04:25:40.797063+05:30,customer_profiles
46.0,jeremiah thomas,twarren@example.org,example.org,,2026-03-10T04:25:40.797063+05:30,customer_profiles
47.0,joe reid,jeremyrivas@example.net,example.net,,2026-03-10T04:25:40.797063+05:30,customer_profiles
48.0,karen hernandez,htravis@example.org,example.org,,2026-03-10T04:25:40.797063+05:30,customer_profiles
49.0,travis moore,michellemolina@example.com,example.com,,2026-03-10T04:25:40.797063+05:30,customer_profiles
50.0,william smith md,carolnichols@example.org,example.org,,2026-03-10T04:25:40.797063+05:30,customer_profiles
51.0,alexander murray,,unknown,,2026-03-10T04:25:40.797063+05:30,customer_profiles
52.0,jeffrey butler,kayla75@example.com,example.com,,2026-03-10T04:25:40.797063+05:30,customer_profiles
53.0,diane sanders,christinehayes@example.com,example.com,,2026-03-10T04:25:40.797063+05:30,customer_profiles
54.0,taylor cohen,donnamack@example.org,example.org,,2026-03-10T04:25:40.797063+05:30,customer_profiles
55.0,veronica watkins,abradford@example.org,example.org,,2026-03-10T04:25:40.797063+05:30,customer_profiles
56.0,tim dillon,carlsoneric@example.org,example.org,,2026-03-10T04:25:40.797063+05:30,customer_profiles
,michael simon,jonessuzanne@example.net,example.net,,2026-03-10T04:25:40.797063+05:30,customer_profiles
58.0,lisa johnston dvm,jenniferwagner@example.com,example.com,,2026-03-10T04:25:40.797063+05:30,customer_profiles
59.0,ryan sullivan,woodsaaron@example.com,example.com,,2026-03-10T04:25:40.797063+05:30,customer_profiles
60.0,maureen taylor,xpayne@example.org,example.org,,2026-03-10T04:25:40.797063+05:30,customer_profiles
61.0,beth fields,cruzzachary@example.com,example.com,,2026-03-10T04:25:40.797063+05:30,customer_profiles
62.0,tyler norris,erivera@example.org,example.org,,2026-03-10T04:25:40.797063+05:30,customer_profiles
63.0,andrew perez,jcoleman@example.com,example.com,,2026-03-10T04:25:40.797063+05:30,customer_profiles
64.0,kathryn scott,hudsonpatrick@example.org,example.org,,2026-03-10T04:25:40.797063+05:30,customer_profiles
65.0,mr. kevin hodge jr.,joseph71@example.org,example.org,,2026-03-10T04:25:40.797063+05:30,customer_profiles
66.0,joanna phillips,larryboyd@example.com,example.com,,2026-03-10T04:25:40.797063+05:30,customer_profiles
67.0,cameron daniels,austinberry@example.net,example.net,,2026-03-10T04:25:40.797063+05:30,customer_profiles
68.0,renee green,shannon59@example.com,example.com,,2026-03-10T04:25:40.797063+05:30,customer_profiles
69.0,michele johnson,shirley66@example.com,example.com,,2026-03-10T04:25:40.797063+05:30,customer_profiles
70.0,angel ritter,qroberts@example.com,example.com,,2026-03-10T04:25:40.797063+05:30,customer_profiles
71.0,casey thompson,kward@example.com,example.com,,2026-03-10T04:25:40.797063+05:30,customer_profiles
72.0,edgar hernandez,rebecca62@example.net,example.net,,2026-03-10T04:25:40.797063+05:30,customer_profiles
73.0,debbie romero,umyers@example.org,example.org,,2026-03-10T04:25:40.797063+05:30,customer_profiles
74.0,theresa hernandez,janet87@example.com,example.com,,2026-03-10T04:25:40.797063+05:30,customer_profiles
75.0,robert jackson,ryan69@example.net,example.net,,2026-03-10T04:25:40.797063+05:30,customer_profiles
76.0,danielle roman,yanderson@example.net,example.net,,2026-03-10T04:25:40.797063+05:30,customer_profiles
77.0,lawrence young,bowmandavid@example.org,example.org,,2026-03-10T04:25:40.797063+05:30,customer_profiles
78.0,jared flowers,melaniejackson@example.com,example.com,,2026-03-10T04:25:40.797063+05:30,customer_profiles
79.0,terri kelly,simonmichael@example.net,example.net,,2026-03-10T04:25:40.797063+05:30,customer_profiles
80.0,bobby walters,greenematthew@example.net,example.net,,2026-03-10T04:25:40.797063+05:30,customer_profiles
81.0,alexandria gonzalez,donnadunn@example.org,example.org,,2026-03-10T04:25:40.797063+05:30,customer_profiles
82.0,beth brown,nchavez@example.com,example.com,,2026-03-10T04:25:40.797063+05:30,customer_profiles
83.0,george arnold,jspencer@example.com,example.com,,2026-03-10T04:25:40.797063+05:30,customer_profiles
84.0,brian williams,dcannon@example.com,example.com,,2026-03-10T04:25:40.797063+05:30,customer_profiles
85.0,william barnes,igarcia@example.com,example.com,,2026-03-10T04:25:40.797063+05:30,customer_profiles
86.0,danielle beck,russellpamela@example.net,example.net,,2026-03-10T04:25:40.797063+05:30,customer_profiles
87.0,leah thomas,karen12@example.com,example.com,,2026-03-10T04:25:40.797063+05:30,customer_profiles
88.0,christopher wright dds,alexandriamarquez@example.org,example.org,,2026-03-10T04:25:40.797063+05:30,customer_profiles
89.0,amy alvarez,mreid@example.org,example.org,,2026-03-10T04:25:40.797063+05:30,customer_profiles
90.0,karen torres,megan19@example.net,example.net,,2026-03-10T04:25:40.797063+05:30,customer_profiles
91.0,michael hall,andersonkathryn@example.net,example.net,,2026-03-10T04:25:40.797063+05:30,customer_profiles
92.0,troy olson,kbean@example.net,example.net,,2026-03-10T04:25:40.797063+05:30,customer_profiles
93.0,caleb ferguson,xmckinney@example.net,example.net,,2026-03-10T04:25:40.797063+05:30,customer_profiles
94.0,tamara robbins,rmurphy@example.net,example.net,,2026-03-10T04:25:40.797063+05:30,customer_profiles
95.0,julia barnes,cookjason@example.net,example.net,,2026-03-10T04:25:40.797063+05:30,customer_profiles
96.0,amanda villarreal,,unknown,,2026-03-10T04:25:40.797063+05:30,customer_profiles
97.0,sean morrison,ndoyle@example.net,example.net,,2026-03-10T04:25:40.797063+05:30,customer_profiles
98.0,,keykenneth@example.org,example.org,,2026-03-10T04:25:40.797063+05:30,customer_profiles
99.0,patrick baker,susancook@example.org,example.org,,2026-03-10T04:25:40.797063+05:30,customer_profiles
100.0,natalie lawson,aliciakeller@example.org,example.org,,2026-03-10T04:25:40.797063+05:30,customer_profiles
101.0,bryan garcia,jonespatricia@example.org,example.org,,2026-03-10T04:25:40.797063+05:30,customer_profiles
102.0,juan estrada,robinsonkaren@example.com,example.com,,2026-03-10T04:25:40.797063+05:30,customer_profiles
103.0,jamie vasquez,stewartjonathan@example.org,example.org,,2026-03-10T04:25:40.797063+05:30,customer_profiles
104.0,tommy green,jbryant@example.com,example.com,,2026-03-10T04:25:40.797063+05:30,customer_profiles
105.0,mary diaz,,unknown,,2026-03-10T04:25:40.797063+05:30,customer_profiles
106.0,joel allen,paulareyes@example.net,example.net,,2026-03-10T04:25:40.797063+05:30,customer_profiles
107.0,melissa silva,amyglass@example.org,example.org,,2026-03-10T04:25:40.797063+05:30,customer_profiles
108.0,dylan nelson,wanderson@example.org,example.org,,2026-03-10T04:25:40.797063+05:30,customer_profiles
109.0,erica dorsey,laurahenderson@example.com,example.com,,2026-03-10T04:25:40.797063+05:30,customer_profiles
110.0,kenneth brown,thompsonbrianna@example.com,example.com,,2026-03-10T04:25:40.797063+05:30,customer_profiles
111.0,michael pollard,rpalmer@example.net,example.net,,2026-03-10T04:25:40.797063+05:30,customer_profiles
112.0,mckenzie conrad,,unknown,,2026-03-10T04:25:40.797063+05:30,customer_profiles
113.0,maria robertson,flove@example.net,example.net,,2026-03-10T04:25:40.797063+05:30,customer_profiles
114.0,ryan garza,rodneywoods@example.org,example.org,,2026-03-10T04:25:40.797063+05:30,customer_profiles
115.0,jeffrey miller,wschneider@example.com,example.com,,2026-03-10T04:25:40.797063+05:30,customer_profiles
116.0,richard williams,jasonstone@example.org,example.org,,2026-03-10T04:25:40.797063+05:30,customer_profiles
117.0,laura brown,lewisbenjamin@example.org,example.org,,2026-03-10T04:25:40.797063+05:30,customer_profiles
118.0,brent williamson,andrewscott@example.org,example.org,,2026-03-10T04:25:40.797063+05:30,customer_profiles
119.0,jose watson,richardsonrichard@example.net,example.net,,2026-03-10T04:25:40.797063+05:30,customer_profiles
120.0,elizabeth holland,chapmanlarry@example.com,example.com,,2026-03-10T04:25:40.797063+05:30,customer_profiles
121.0,tricia perez,bmiller@example.net,example.net,,2026-03-10T04:25:40.797063+05:30,customer_profiles
122.0,mrs. alicia wells,lgonzalez@example.org,example.org,,2026-03-10T04:25:40.797063+05:30,customer_profiles
123.0,william malone,clairebuckley@example.com,example.com,,2026-03-10T04:25:40.797063+05:30,customer_profiles
124.0,thomas spencer,vwilson@example.com,example.com,,2026-03-10T04:25:40.797063+05:30,customer_profiles
125.0,alexander miller,yhardy@example.com,example.com,,2026-03-10T04:25:40.797063+05:30,customer_profiles
126.0,mary thompson,jadams@example.org,example.org,,2026-03-10T04:25:40.797063+05:30,customer_profiles
127.0,trevor blackburn,morrisonrobert@example.com,example.com,,2026-03-10T04:25:40.797063+05:30,customer_profiles
128.0,,dsmith@example.net,example.net,,2026-03-10T04:25:40.797063+05:30,customer_profiles
129.0,benjamin hester,lrussell@example.com,example.com,,2026-03-10T04:25:40.797063+05:30,customer_profiles
130.0,mitchell williams,kathy35@example.com,example.com,,2026-03-10T04:25:40.797063+05:30,customer_profiles
131.0,jesse edwards,nkirby@example.net,example.net,,2026-03-10T04:25:40.797063+05:30,customer_profiles
132.0,elizabeth johnson,jessicaperez@example.com,example.com,,2026-03-10T04:25:40.797063+05:30,customer_profiles
133.0,howard jefferson,vickie57@example.net,example.net,,2026-03-10T04:25:40.797063+05:30,customer_profiles
134.0,stephanie acosta,ubriggs@example.net,example.net,,2026-03-10T04:25:40.797063+05:30,customer_profiles
135.0,tyler young,madison75@example.org,example.org,,2026-03-10T04:25:40.797063+05:30,customer_profiles
136.0,tiffany bell,adkinsjames@example.com,example.com,,2026-03-10T04:25:40.797063+05:30,customer_profiles
137.0,eric rodriguez,regina47@example.org,example.org,,2026-03-10T04:25:40.797063+05:30,customer_profiles
138.0,heather cowan,sarah88@example.org,example.org,,2026-03-10T04:25:40.797063+05:30,customer_profiles
139.0,tiffany smith,jose20@example.net,example.net,,2026-03-10T04:25:40.797063+05:30,customer_profiles
140.0,claudia trevino,heather62@example.org,example.org,,2026-03-10T04:25:40.797063+05:30,customer_profiles
141.0,jennifer vaughn,mark48@example.com,example.com,,2026-03-10T04:25:40.797063+05:30,customer_profiles
142.0,,scottkatherine@example.net,example.net,,2026-03-10T04:25:40.797063+05:30,customer_profiles
143.0,lisa greer,mcarter@example.org,example.org,,2026-03-10T04:25:40.797063+05:30,customer_profiles
144.0,kenneth shannon,katiebarnes@example.com,example.com,,2026-03-10T04:25:40.797063+05:30,customer_profiles
145.0,robert tyler,perezroy@example.net,example.net,,2026-03-10T04:25:40.797063+05:30,customer_profiles
146.0,jesus johnson,christopherjennings@example.com,example.com,,2026-03-10T04:25:40.797063+05:30,customer_profiles
147.0,mark cruz,joseph85@example.org,example.org,,2026-03-10T04:25:40.797063+05:30,customer_profiles
148.0,linda martinez,george82@example.com,example.com,,2026-03-10T04:25:40.797063+05:30,customer_profiles
149.0,brent cook,janiceponce@example.com,example.com,,2026-03-10T04:25:40.797063+05:30,customer_profiles
150.0,ricky peterson,fgordon@example.com,example.com,,2026-03-10T04:25:40.797063+05:30,customer_profiles
151.0,darrell williams,joseph33@example.com,example.com,,2026-03-10T04:25:40.797063+05:30,customer_profiles
152.0,brendan adkins,gwilliams@example.com,example.com,,2026-03-10T04:25:40.797063+05:30,customer_profiles
153.0,michael ryan,wabbott@example.net,example.net,,2026-03-10T04:25:40.797063+05:30,customer_profiles
154.0,tracy thompson dds,,unknown,,2026-03-10T04:25:40.797063+05:30,customer_profiles
155.0,kelly woodward,mcdonaldkathleen@example.org,example.org,,2026-03-10T04:25:40.797063+05:30,customer_profiles
156.0,johnathan harris,qroach@example.net,example.net,,2026-03-10T04:25:40.797063+05:30,customer_profiles
157.0,megan alexander,colleenmccarthy@example.net,example.net,,2026-03-10T04:25:40.797063+05:30,customer_profiles
158.0,christopher jacobs,christineburns@example.net,example.net,,2026-03-10T04:25:40.797063+05:30,customer_profiles
159.0,patricia martinez,bgonzalez@example.com,example.com,,2026-03-10T04:25:40.797063+05:30,customer_profiles
,joel moore,tyler80@example.com,example.com,,2026-03-10T04:25:40.797063+05:30,customer_profiles
161.0,michael burton,amanda25@example.net,example.net,,2026-03-10T04:25:40.797063+05:30,customer_profiles
162.0,theresa stone,jennifer75@example.org,example.org,,2026-03-10T04:25:40.797063+05:30,customer_profiles
163.0,kaitlyn jensen,arielpark@example.net,example.net,,2026-03-10T04:25:40.797063+05:30,customer_profiles
164.0,sara ramirez,brownchristopher@example.net,example.net,,2026-03-10T04:25:40.797063+05:30,customer_profiles
165.0,kathleen roach,sharon62@example.net,example.net,,2026-03-10T04:25:40.797063+05:30,customer_profiles
166.0,victoria santos,rileyfrederick@example.net,example.net,,2026-03-10T04:25:40.797063+05:30,customer_profiles
167.0,steven reynolds,murraylaura@example.org,example.org,,2026-03-10T04:25:40.797063+05:30,customer_profiles
168.0,jamie stephens,ryansmith@example.org,example.org,,2026-03-10T04:25:40.797063+05:30,customer_profiles
169.0,david garcia,ewalker@example.org,example.org,,2026-03-10T04:25:40.797063+05:30,customer_profiles
170.0,jaclyn andersen,roberto72@example.com,example.com,,2026-03-10T04:25:40.797063+05:30,customer_profiles
171.0,adam cobb,malonewalter@example.com,example.com,,2026-03-10T04:25:40.797063+05:30,customer_profiles
172.0,rachel white,matthew62@example.net,example.net,,2026-03-10T04:25:40.797063+05:30,customer_profiles
173.0,kathleen adams,charles97@example.net,example.net,,2026-03-10T04:25:40.797063+05:30,customer_profiles
174.0,dr. derek gray,greerheather@example.org,example.org,,2026-03-10T04:25:40.797063+05:30,customer_profiles
175.0,mary holt,john27@example.com,example.com,,2026-03-10T04:25:40.797063+05:30,customer_profiles
176.0,gregory wright,lovejessica@example.org,example.org,,2026-03-10T04:25:40.797063+05:30,customer_profiles
177.0,nathan morrow,ttate@example.net,example.net,,2026-03-10T04:25:40.797063+05:30,customer_profiles
178.0,joseph thompson,bennettbeth@example.org,example.org,,2026-03-10T04:25:40.797063+05:30,customer_profiles
179.0,charles jacobs,sydneylong@example.com,example.com,,2026-03-10T04:25:40.797063+05:30,customer_profiles
180.0,thomas perez,andersonchristina@example.net,example.net,,2026-03-10T04:25:40.797063+05:30,customer_profiles
181.0,,brandi10@example.org,example.org,,2026-03-10T04:25:40.797063+05:30,customer_profiles
182.0,brittany henry,jamesgray@example.com,example.com,,2026-03-10T04:25:40.797063+05:30,customer_profiles
183.0,zachary whitehead,xrivera@example.com,example.com,,2026-03-10T04:25:40.797063+05:30,customer_profiles
184.0,,carterkevin@example.net,example.net,,2026-03-10T04:25:40.797063+05:30,customer_profiles
185.0,kara ward,williamferrell@example.org,example.org,,2026-03-10T04:25:40.797063+05:30,customer_profiles
186.0,mrs. desiree oliver,cheyenne04@example.net,example.net,,2026-03-10T04:25:40.797063+05:30,customer_profiles
187.0,jessica williams,pricechristopher@example.org,example.org,,2026-03-10T04:25:40.797063+05:30,customer_profiles
188.0,mr. christopher mason,charles09@example.org,example.org,,2026-03-10T04:25:40.797063+05:30,customer_profiles
189.0,tyler lawson,hbernard@example.org,example.org,,2026-03-10T04:25:40.797063+05:30,customer_profiles
190.0,kimberly brown,jmitchell@example.org,example.org,,2026-03-10T04:25:40.797063+05:30,customer_profiles
191.0,kara cox,michelemitchell@example.com,example.com,,2026-03-10T04:25:40.797063+05:30,customer_profiles
192.0,amanda pearson,isullivan@example.com,example.com,,2026-03-10T04:25:40.797063+05:30,customer_profiles
193.0,tiffany brown,davidolson@example.org,example.org,,2026-03-10T04:25:40.797063+05:30,customer_profiles
194.0,,benjaminhernandez@example.com,example.com,,2026-03-10T04:25:40.797063+05:30,customer_profiles
195.0,kevin hill,davisterri@example.org,example.org,,2026-03-10T04:25:40.797063+05:30,customer_profiles
196.0,john walton,walterchan@example.net,example.net,,2026-03-10T04:25:40.797063+05:30,customer_profiles
197.0,andrew white,philipmendoza@example.net,example.net,,2026-03-10T04:25:40.797063+05:30,customer_profiles
,christine price,michael65@example.net,example.net,,2026-03-10T04:25:40.797063+05:30,customer_profiles
199.0,,julie98@example.com,example.com,,2026-03-10T04:25:40.797063+05:30,customer_profiles
200.0,jose cole,williamsemily@example.org,example.org,,2026-03-10T04:25:40.797063+05:30,customer_profiles
201.0,tasha bailey,mckaykayla@example.org,example.org,,2026-03-10T04:25:40.797063+05:30,customer_profiles
202.0,jennifer perez,ubrown@example.net,example.net,,2026-03-10T04:25:40.797063+05:30,customer_profiles
203.0,melanie butler,stacyfreeman@example.net,example.net,,2026-03-10T04:25:40.797063+05:30,customer_profiles
204.0,,vcarlson@example.org,example.org,,2026-03-10T04:25:40.797063+05:30,customer_profiles
205.0,jason gould,kingsteven@example.net,example.net,,2026-03-10T04:25:40.797063+05:30,customer_profiles
206.0,erica hernandez,stephaniechoi@example.net,example.net,,2026-03-10T04:25:40.797063+05:30,customer_profiles
207.0,richard taylor,joegarcia@example.org,example.org,,2026-03-10T04:25:40.797063+05:30,customer_profiles
208.0,jennifer gonzalez,wmann@example.org,example.org,,2026-03-10T04:25:40.797063+05:30,customer_profiles
209.0,ronnie morgan,umendoza@example.net,example.net,,2026-03-10T04:25:40.797063+05:30,customer_profiles
210.0,paul perry,towen@example.net,example.net,,2026-03-10T04:25:40.797063+05:30,customer_profiles
211.0,lori dixon,james58@example.org,example.org,,2026-03-10T04:25:40.797063+05:30,customer_profiles
212.0,jennifer gibson,fhall@example.org,example.org,,2026-03-10T04:25:40.797063+05:30,customer_profiles
213.0,cynthia jackson,jessicasparks@example.com,example.com,,2026-03-10T04:25:40.797063+05:30,customer_profiles
214.0,kyle riley,petersdavid@example.org,example.org,,2026-03-10T04:25:40.797063+05:30,customer_profiles
215.0,kevin campbell,jeremy28@example.com,example.com,,2026-03-10T04:25:40.797063+05:30,customer_profiles
216.0,stephen james,jack04@example.com,example.com,,2026-03-10T04:25:40.797063+05:30,customer_profiles
217.0,kevin benson,adampatel@example.org,example.org,,2026-03-10T04:25:40.797063+05:30,customer_profiles
218.0,crystal reed,billyaguilar@example.net,example.net,,2026-03-10T04:25:40.797063+05:30,customer_profiles
219.0,julie keller,garciagabriel@example.net,example.net,,2026-03-10T04:25:40.797063+05:30,customer_profiles
220.0,laura walker,joelgonzales@example.net,example.net,,2026-03-10T04:25:40.797063+05:30,customer_profiles
221.0,william hansen,robertsthomas@example.org,example.org,,2026-03-10T04:25:40.797063+05:30,customer_profiles
222.0,dr. olivia burch,cfuller@example.com,example.com,,2026-03-10T04:25:40.797063+05:30,customer_profiles
223.0,angela hale,ronald25@example.net,example.net,,2026-03-10T04:25:40.797063+05:30,customer_profiles
224.0,matthew burns,smithkristine@example.org,example.org,,2026-03-10T04:25:40.797063+05:30,customer_profiles
225.0,brittney hughes,gabriellecollins@example.com,example.com,,2026-03-10T04:25:40.797063+05:30,customer_profiles
226.0,julie clarke,dperry@example.com,example.com,,2026-03-10T04:25:40.797063+05:30,customer_profiles
227.0,tammy case,abigail94@example.com,example.com,,2026-03-10T04:25:40.797063+05:30,customer_profiles
228.0,mr. lee sanchez,dean78@example.com,example.com,,2026-03-10T04:25:40.797063+05:30,customer_profiles
229.0,mitchell phillips,clarkkevin@example.org,example.org,,2026-03-10T04:25:40.797063+05:30,customer_profiles
230.0,brandon guzman,ronaldcharles@example.com,example.com,,2026-03-10T04:25:40.797063+05:30,customer_profiles
231.0,logan wood,brandi99@example.net,example.net,,2026-03-10T04:25:40.797063+05:30,customer_profiles
232.0,angela burton,mlowe@example.org,example.org,,2026-03-10T04:25:40.797063+05:30,customer_profiles
,theresa sweeney,colemancory@example.com,example.com,,2026-03-10T04:25:40.797063+05:30,customer_profiles
234.0,aaron miles,deborahsmith@example.com,example.com,,2026-03-10T04:25:40.797063+05:30,customer_profiles
235.0,jennifer thomas,john28@example.org,example.org,,2026-03-10T04:25:40.797063+05:30,customer_profiles
236.0,tyrone stanton,lindafox@example.net,example.net,,2026-03-10T04:25:40.797063+05:30,customer_profiles
237.0,melissa coleman,rodney28@example.org,example.org,,2026-03-10T04:25:40.797063+05:30,customer_profiles
238.0,ann moses,donnagreen@example.net,example.net,,2026-03-10T04:25:40.797063+05:30,customer_profiles
239.0,herbert king,crystalthomas@example.org,example.org,,2026-03-10T04:25:40.797063+05:30,customer_profiles
240.0,emily lewis,marshlisa@example.net,example.net,,2026-03-10T04:25:40.797063+05:30,customer_profiles
241.0,william guerrero,david67@example.org,example.org,,2026-03-10T04:25:40.797063+05:30,customer_profiles
242.0,amy thompson,hbrown@example.com,example.com,,2026-03-10T04:25:40.797063+05:30,customer_profiles
243.0,lori kelly,chelsea27@example.net,example.net,,2026-03-10T04:25:40.797063+05:30,customer_profiles
244.0,beth collins,ybrady@example.com,example.com,,2026-03-10T04:25:40.797063+05:30,customer_profiles
245.0,jeffrey wilson,thomastaylor@example.net,example.net,,2026-03-10T04:25:40.797063+05:30,customer_profiles
246.0,terrence harper,xhernandez@example.net,example.net,,2026-03-10T04:25:40.797063+05:30,customer_profiles
247.0,amy smith,smithjennifer@example.org,example.org,,2026-03-10T04:25:40.797063+05:30,customer_profiles
,craig thomas,jamesdavis@example.com,example.com,,2026-03-10T04:25:40.797063+05:30,customer_profiles
249.0,ana dunn dds,qerickson@example.com,example.com,,2026-03-10T04:25:40.797063+05:30,customer_profiles
250.0,nicholas haynes,tiffany74@example.net,example.net,,2026-03-10T04:25:40.797063+05:30,customer_profiles
251.0,tina pearson,john24@example.com,example.com,,2026-03-10T04:25:40.797063+05:30,customer_profiles
252.0,brittany gentry,sarah98@example.org,example.org,,2026-03-10T04:25:40.797063+05:30,customer_profiles
253.0,leonard wood,chelsea89@example.com,example.com,,2026-03-10T04:25:40.797063+05:30,customer_profiles
254.0,sean simmons,slee@example.net,example.net,,2026-03-10T04:25:40.797063+05:30,customer_profiles
255.0,kevin baker,jesseholt@example.org,example.org,,2026-03-10T04:25:40.797063+05:30,customer_profiles
256.0,joe calhoun,rwilliams@example.net,example.net,,2026-03-10T04:25:40.797063+05:30,customer_profiles
257.0,brandon brown,acostapatricia@example.com,example.com,,2026-03-10T04:25:40.797063+05:30,customer_profiles
258.0,keith harrell,obuckley@example.net,example.net,,2026-03-10T04:25:40.797063+05:30,customer_profiles
259.0,pamela david,loritapia@example.net,example.net,,2026-03-10T04:25:40.797063+05:30,customer_profiles
260.0,emily kennedy,lorrainerobinson@example.net,example.net,,2026-03-10T04:25:40.797063+05:30,customer_profiles
261.0,thomas clark,qwilcox@example.org,example.org,,2026-03-10T04:25:40.797063+05:30,customer_profiles
262.0,jeffrey snyder,larryjenkins@example.org,example.org,,2026-03-10T04:25:40.797063+05:30,customer_profiles
263.0,elizabeth james,,unknown,,2026-03-10T04:25:40.797063+05:30,customer_profiles
264.0,richard williams,eholland@example.com,example.com,,2026-03-10T04:25:40.797063+05:30,customer_profiles
265.0,stephanie hardin,megansmith@example.net,example.net,,2026-03-10T04:25:40.797063+05:30,customer_profiles
266.0,peter green,vincentwolf@example.com,example.com,,2026-03-10T04:25:40.797063+05:30,customer_profiles
267.0,melissa williams,abigailgibson@example.com,example.com,,2026-03-10T04:25:40.797063+05:30,customer_profiles
268.0,patricia bradley,danielmartinez@example.net,example.net,,2026-03-10T04:25:40.797063+05:30,customer_profiles
269.0,natasha nelson,jeffrey20@example.org,example.org,,2026-03-10T04:25:40.797063+05:30,customer_profiles
270.0,chad gibson,wmann@example.org,example.org,,2026-03-10T04:25:40.797063+05:30,customer_profiles
271.0,ryan maldonado phd,abigailpadilla@example.net,example.net,,2026-03-10T04:25:40.797063+05:30,customer_profiles
272.0,jason johnson,brenda82@example.org,example.org,,2026-03-10T04:25:40.797063+05:30,customer_profiles
273.0,margaret huynh,monteselizabeth@example.net,example.net,,2026-03-10T04:25:40.797063+05:30,customer_profiles
274.0,rebecca montoya,glenda92@example.net,example.net,,2026-03-10T04:25:40.797063+05:30,customer_profiles
275.0,rachel evans,amyhale@example.com,example.com,,2026-03-10T04:25:40.797063+05:30,customer_profiles
276.0,cheryl munoz,,unknown,,2026-03-10T04:25:40.797063+05:30,customer_profiles
277.0,rebecca reilly,jamesdavis@example.net,example.net,,2026-03-10T04:25:40.797063+05:30,customer_profiles
278.0,calvin richardson,krandall@example.com,example.com,,2026-03-10T04:25:40.797063+05:30,customer_profiles
279.0,jennifer knight,zking@example.org,example.org,,2026-03-10T04:25:40.797063+05:30,customer_profiles
280.0,richard dominguez,ghays@example.org,example.org,,2026-03-10T04:25:40.797063+05:30,customer_profiles
281.0,jack martinez,larsonjames@example.net,example.net,,2026-03-10T04:25:40.797063+05:30,customer_profiles
,kevin craig,gregorysmith@example.com,example.com,,2026-03-10T04:25:40.797063+05:30,customer_profiles
283.0,melinda arnold,russell33@example.org,example.org,,2026-03-10T04:25:40.797063+05:30,customer_profiles
284.0,david larson,,unknown,,2026-03-10T04:25:40.797063+05:30,customer_profiles
285.0,amy franco dvm,ghansen@example.org,example.org,,2026-03-10T04:25:40.797063+05:30,customer_profiles
286.0,,,unknown,,2026-03-10T04:25:40.797063+05:30,customer_profiles
287.0,margaret martinez,pamela07@example.org,example.org,,2026-03-10T04:25:40.797063+05:30,customer_profiles
288.0,,clarktravis@example.org,example.org,,2026-03-10T04:25:40.797063+05:30,customer_profiles
289.0,kristen gamble,mhunt@example.org,example.org,,2026-03-10T04:25:40.797063+05:30,customer_profiles
290.0,,stanleymatthew@example.net,example.net,,2026-03-10T04:25:40.797063+05:30,customer_profiles
291.0,james miller,karen34@example.org,example.org,,2026-03-10T04:25:40.797063+05:30,customer_profiles
292.0,paul parker,waltoncory@example.net,example.net,,2026-03-10T04:25:40.797063+05:30,customer_profiles
293.0,sarah martin,brownemily@example.net,example.net,,2026-03-10T04:25:40.797063+05:30,customer_profiles
294.0,nicole bennett,toddpaul@example.com,example.com,,2026-03-10T04:25:40.797063+05:30,customer_profiles
295.0,kayla owen,copelandjohn@example.com,example.com,,2026-03-10T04:25:40.797063+05:30,customer_profiles
296.0,mark rocha,nyoder@example.org,example.org,,2026-03-10T04:25:40.797063+05:30,customer_profiles
297.0,alyssa brady,martinezdaniel@example.net,example.net,,2026-03-10T04:25:40.797063+05:30,customer_profiles
298.0,jill horne,martinezkathy@example.com,example.com,,2026-03-10T04:25:40.797063+05:30,customer_profiles
299.0,margaret zamora,lecarl@example.net,example.net,,2026-03-10T04:25:40.797063+05:30,customer_profiles
300.0,laura mathis,nataliewood@example.org,example.org,,2026-03-10T04:25:40.797063+05:30,customer_profiles
301.0,wendy davis,tiffany03@example.net,example.net,,2026-03-10T04:25:40.797063+05:30,customer_profiles
302.0,nancy park,judith96@example.org,example.org,,2026-03-10T04:25:40.797063+05:30,customer_profiles
,karen waters,penny23@example.net,example.net,,2026-03-10T04:25:40.797063+05:30,customer_profiles
304.0,brendan young,mcbridejason@example.com,example.com,,2026-03-10T04:25:40.797063+05:30,customer_profiles
305.0,renee salazar,johnsonadrian@example.com,example.com,,2026-03-10T04:25:40.797063+05:30,customer_profiles
306.0,matthew cook,victoria65@example.org,example.org,,2026-03-10T04:25:40.797063+05:30,customer_profiles
307.0,kevin garrison,mgoodman@example.com,example.com,,2026-03-10T04:25:40.797063+05:30,customer_profiles
308.0,briana moss,hammondbrittany@example.net,example.net,,2026-03-10T04:25:40.797063+05:30,customer_profiles
309.0,gabriel king,evan99@example.net,example.net,,2026-03-10T04:25:40.797063+05:30,customer_profiles
310.0,mrs. emily anderson,carol58@example.net,example.net,,2026-03-10T04:25:40.797063+05:30,customer_profiles
311.0,kenneth hall,annettethompson@example.net,example.net,,2026-03-10T04:25:40.797063+05:30,customer_profiles
312.0,brandon scott,michelle32@example.net,example.net,,2026-03-10T04:25:40.797063+05:30,customer_profiles
313.0,nicholas small,bookerjay@example.net,example.net,,2026-03-10T04:25:40.797063+05:30,customer_profiles
314.0,denise browning,ostevenson@example.com,example.com,,2026-03-10T04:25:40.797063+05:30,customer_profiles
315.0,jose hawkins,amyhess@example.net,example.net,,2026-03-10T04:25:40.797063+05:30,customer_profiles
316.0,ryan johnson,xdavis@example.net,example.net,,2026-03-10T04:25:40.797063+05:30,customer_profiles
317.0,ruth campbell,tranemily@example.net,example.net,,2026-03-10T04:25:40.797063+05:30,customer_profiles
,ms. brianna wolf,murillorichard@example.com,example.com,,2026-03-10T04:25:40.797063+05:30,customer_profiles
319.0,christine clark,catherinegordon@example.com,example.com,,2026-03-10T04:25:40.797063+05:30,customer_profiles
320.0,linda mays,jjones@example.com,example.com,,2026-03-10T04:25:40.797063+05:30,customer_profiles
321.0,belinda mitchell,clarkmichelle@example.net,example.net,,2026-03-10T04:25:40.797063+05:30,customer_profiles
322.0,rebecca carney md,kimberly45@example.org,example.org,,2026-03-10T04:25:40.797063+05:30,customer_profiles
323.0,dana thompson,steven10@example.com,example.com,,2026-03-10T04:25:40.797063+05:30,customer_profiles
324.0,cynthia morgan,aaronhamilton@example.net,example.net,,2026-03-10T04:25:40.797063+05:30,customer_profiles
325.0,victoria green,melissaphillips@example.com,example.com,,2026-03-10T04:25:40.797063+05:30,customer_profiles
326.0,rodney williams,,unknown,,2026-03-10T04:25:40.797063+05:30,customer_profiles
327.0,richard little,matthewmcclure@example.org,example.org,,2026-03-10T04:25:40.797063+05:30,customer_profiles
328.0,hannah holland,ghernandez@example.com,example.com,,2026-03-10T04:25:40.797063+05:30,customer_profiles
329.0,marie moore,ppayne@example.com,example.com,,2026-03-10T04:25:40.797063+05:30,customer_profiles
330.0,duane harris,qbrown@example.com,example.com,,2026-03-10T04:25:40.797063+05:30,customer_profiles
331.0,brandi jones,simpsonjulian@example.net,example.net,,2026-03-10T04:25:40.797063+05:30,customer_profiles
332.0,michael bell,annhampton@example.net,example.net,,2026-03-10T04:25:40.797063+05:30,customer_profiles
333.0,jennifer fox,hallmonica@example.org,example.org,,2026-03-10T04:25:40.797063+05:30,customer_profiles
334.0,diane lam,theresa35@example.net,example.net,,2026-03-10T04:25:40.797063+05:30,customer_profiles
335.0,thomas anderson,kleinpaul@example.org,example.org,,2026-03-10T04:25:40.797063+05:30,customer_profiles
336.0,justin johnson,tara43@example.net,example.net,,2026-03-10T04:25:40.797063+05:30,customer_profiles
337.0,brianna strong,jared35@example.org,example.org,,2026-03-10T04:25:40.797063+05:30,customer_profiles
338.0,zoe carr,ianwatson@example.net,example.net,,2026-03-10T04:25:40.797063+05:30,customer_profiles
339.0,jeffrey singleton,bentleypeter@example.com,example.com,,2026-03-10T04:25:40.797063+05:30,customer_profiles
340.0,joseph roth,nphillips@example.net,example.net,,2026-03-10T04:25:40.797063+05:30,customer_profiles
341.0,danielle lewis,mstafford@example.com,example.com,,2026-03-10T04:25:40.797063+05:30,customer_profiles
342.0,edward rogers,agarcia@example.com,example.com,,2026-03-10T04:25:40.797063+05:30,customer_profiles
343.0,lawrence garcia,nwood@example.org,example.org,,2026-03-10T04:25:40.797063+05:30,customer_profiles
344.0,brian hurley,ybell@example.net,example.net,,2026-03-10T04:25:40.797063+05:30,customer_profiles
345.0,andrew newton,ojones@example.net,example.net,,2026-03-10T04:25:40.797063+05:30,customer_profiles
346.0,joseph martinez,marthabell@example.org,example.org,,2026-03-10T04:25:40.797063+05:30,customer_profiles
347.0,marcus duffy,arroyokaren@example.net,example.net,,2026-03-10T04:25:40.797063+05:30,customer_profiles
348.0,karen horn,gsanchez@example.net,example.net,,2026-03-10T04:25:40.797063+05:30,customer_profiles
349.0,kirk taylor,carlamontgomery@example.com,example.com,,2026-03-10T04:25:40.797063+05:30,customer_profiles
350.0,amy mcdaniel,gordondwayne@example.com,example.com,,2026-03-10T04:25:40.797063+05:30,customer_profiles
351.0,kevin clark,micheal60@example.com,example.com,,2026-03-10T04:25:40.797063+05:30,customer_profiles
352.0,billy lane,denniswilson@example.com,example.com,,2026-03-10T04:25:40.797063+05:30,customer_profiles
353.0,travis wright,kirstencastro@example.net,example.net,,2026-03-10T04:25:40.797063+05:30,customer_profiles
354.0,jessica ortiz,brianrowland@example.com,example.com,,2026-03-10T04:25:40.797063+05:30,customer_profiles
355.0,emily wheeler,garciadiana@example.net,example.net,,2026-03-10T04:25:40.797063+05:30,customer_profiles
356.0,jill ramos,barbaragibson@example.com,example.com,,2026-03-10T04:25:40.797063+05:30,customer_profiles
357.0,jaime powell,ortizshane@example.net,example.net,,2026-03-10T04:25:40.797063+05:30,customer_profiles
358.0,matthew wolf,coopervincent@example.org,example.org,,2026-03-10T04:25:40.797063+05:30,customer_profiles
359.0,matthew cook,stephen21@example.com,example.com,,2026-03-10T04:25:40.797063+05:30,customer_profiles
360.0,ashley figueroa,veronicawong@example.com,example.com,,2026-03-10T04:25:40.797063+05:30,customer_profiles
361.0,patrick smith,michaelgibson@example.com,example.com,,2026-03-10T04:25:40.797063+05:30,customer_profiles
362.0,bruce matthews,taylor34@example.net,example.net,,2026-03-10T04:25:40.797063+05:30,customer_profiles
363.0,danielle larson,paul49@example.org,example.org,,2026-03-10T04:25:40.797063+05:30,customer_profiles
364.0,emily brewer,joshuareyes@example.com,example.com,,2026-03-10T04:25:40.797063+05:30,customer_profiles
365.0,jessica coleman,james53@example.org,example.org,,2026-03-10T04:25:40.797063+05:30,customer_profiles
366.0,jason bryant,lisaryan@example.org,example.org,,2026-03-10T04:25:40.797063+05:30,customer_profiles
367.0,chad lee,sarah89@example.net,example.net,,2026-03-10T04:25:40.797063+05:30,customer_profiles
368.0,dr. jacob yates,mark04@example.org,example.org,,2026-03-10T04:25:40.797063+05:30,customer_profiles
369.0,melody harris,nyoung@example.net,example.net,,2026-03-10T04:25:40.797063+05:30,customer_profiles
,david odonnell,staceychapman@example.org,example.org,,2026-03-10T04:25:40.797063+05:30,customer_profiles
371.0,curtis burns,christian85@example.com,example.com,,2026-03-10T04:25:40.797063+05:30,customer_profiles
372.0,amber craig,dcontreras@example.net,example.net,,2026-03-10T04:25:40.797063+05:30,customer_profiles
,wanda hansen,cknight@example.com,example.com,,2026-03-10T04:25:40.797063+05:30,customer_profiles
374.0,jeffrey moore,lee11@example.net,example.net,,2026-03-10T04:25:40.797063+05:30,customer_profiles
375.0,maria logan,zacharyperez@example.org,example.org,,2026-03-10T04:25:40.797063+05:30,customer_profiles
376.0,jennifer woodard,alexis02@example.net,example.net,,2026-03-10T04:25:40.797063+05:30,customer_profiles
377.0,christian gonzales,diamondwade@example.net,example.net,,2026-03-10T04:25:40.797063+05:30,customer_profiles
378.0,kelly harvey,sarah35@example.net,example.net,,2026-03-10T04:25:40.797063+05:30,customer_profiles
379.0,mrs. carolyn walton,debbie24@example.org,example.org,,2026-03-10T04:25:40.797063+05:30,customer_profiles
380.0,jeffrey dillon,francisbrandon@example.com,example.com,,2026-03-10T04:25:40.797063+05:30,customer_profiles
381.0,tyler peters,pbrandt@example.net,example.net,,2026-03-10T04:25:40.797063+05:30,customer_profiles
382.0,javier rodriguez,haydenbentley@example.net,example.net,,2026-03-10T04:25:40.797063+05:30,customer_profiles
383.0,jeffrey moreno,devinbates@example.com,example.com,,2026-03-10T04:25:40.797063+05:30,customer_profiles
384.0,kevin chandler,anita46@example.com,example.com,,2026-03-10T04:25:40.797063+05:30,customer_profiles
385.0,mr. adam smith,caleb45@example.net,example.net,,2026-03-10T04:25:40.797063+05:30,customer_profiles
386.0,sarah johnson,awilliams@example.net,example.net,,2026-03-10T04:25:40.797063+05:30,customer_profiles
387.0,jenna blake,ilee@example.com,example.com,,2026-03-10T04:25:40.797063+05:30,customer_profiles
388.0,tiffany hoover,russelllaura@example.net,example.net,,2026-03-10T04:25:40.797063+05:30,customer_profiles
389.0,jeffrey stone,jacqueline99@example.org,example.org,,2026-03-10T04:25:40.797063+05:30,customer_profiles
390.0,cynthia ward,wendy30@example.com,example.com,,2026-03-10T04:25:40.797063+05:30,customer_profiles
391.0,karen jones,kelly54@example.org,example.org,,2026-03-10T04:25:40.797063+05:30,customer_profiles
392.0,dana craig,christina36@example.org,example.org,,2026-03-10T04:25:40.797063+05:30,customer_profiles
393.0,,jessicaking@example.net,example.net,,2026-03-10T04:25:40.797063+05:30,customer_profiles
394.0,richard carter,kristenhurley@example.com,example.com,,2026-03-10T04:25:40.797063+05:30,customer_profiles
395.0,christy jones,willie29@example.org,example.org,,2026-03-10T04:25:40.797063+05:30,customer_profiles
396.0,colin martinez,icastro@example.net,example.net,,2026-03-10T04:25:40.797063+05:30,customer_profiles
397.0,rhonda gordon,andrea85@example.com,example.com,,2026-03-10T04:25:40.797063+05:30,customer_profiles
398.0,cynthia chandler,kochmatthew@example.com,example.com,,2026-03-10T04:25:40.797063+05:30,customer_profiles
399.0,derek butler,zdecker@example.net,example.net,,2026-03-10T04:25:40.797063+05:30,customer_profiles
,michael nelson,sanfordjessica@example.com,example.com,,2026-03-10T04:25:40.797063+05:30,customer_profiles
401.0,,audreywallace@example.com,example.com,,2026-03-10T04:25:40.797063+05:30,customer_profiles
402.0,cynthia sosa,fdillon@example.com,example.com,,2026-03-10T04:25:40.797063+05:30,customer_profiles
403.0,nicholas fernandez,aferrell@example.org,example.org,,2026-03-10T04:25:40.797063+05:30,customer_profiles
404.0,jennifer garcia,jordanbrittany@example.com,example.com,,2026-03-10T04:25:40.797063+05:30,customer_profiles
405.0,katie elliott,linda05@example.com,example.com,,2026-03-10T04:25:40.797063+05:30,customer_profiles
406.0,david johnson,ochapman@example.org,example.org,,2026-03-10T04:25:40.797063+05:30,customer_profiles
407.0,justin melton,michellehuerta@example.org,example.org,,2026-03-10T04:25:40.797063+05:30,customer_profiles
408.0,nicholas davis,lgibson@example.org,example.org,,2026-03-10T04:25:40.797063+05:30,customer_profiles
409.0,william lambert,allenjoseph@example.org,example.org,,2026-03-10T04:25:40.797063+05:30,customer_profiles
410.0,thomas payne,ywilson@example.com,example.com,,2026-03-10T04:25:40.797063+05:30,customer_profiles
411.0,cody johnson,mercadodaniel@example.com,example.com,,2026-03-10T04:25:40.797063+05:30,customer_profiles
412.0,briana dominguez,hammondvalerie@example.com,example.com,,2026-03-10T04:25:40.797063+05:30,customer_profiles
413.0,morgan reed,timothyshields@example.net,example.net,,2026-03-10T04:25:40.797063+05:30,customer_profiles
414.0,tanya jones,susangarrett@example.org,example.org,,2026-03-10T04:25:40.797063+05:30,customer_profiles
415.0,paul short,jasonsherman@example.net,example.net,,2026-03-10T04:25:40.797063+05:30,customer_profiles
416.0,john malone,,unknown,,2026-03-10T04:25:40.797063+05:30,customer_profiles
417.0,john baker,,unknown,,2026-03-10T04:25:40.797063+05:30,customer_profiles
418.0,cheryl wells md,,unknown,,2026-03-10T04:25:40.797063+05:30,customer_profiles
419.0,zachary gonzalez,kellychristine@example.org,example.org,,2026-03-10T04:25:40.797063+05:30,customer_profiles
420.0,howard sullivan,nmiller@example.net,example.net,,2026-03-10T04:25:40.797063+05:30,customer_profiles
421.0,lisa beltran,scottmcdonald@example.net,example.net,,2026-03-10T04:25:40.797063+05:30,customer_profiles
422.0,amy crawford,brownandrea@example.com,example.com,,2026-03-10T04:25:40.797063+05:30,customer_profiles
,fred davis,houstonkevin@example.com,example.com,,2026-03-10T04:25:40.797063+05:30,customer_profiles
424.0,brian yu,daniellopez@example.org,example.org,,2026-03-10T04:25:40.797063+05:30,customer_profiles
425.0,samuel david,ashley25@example.org,example.org,,2026-03-10T04:25:40.797063+05:30,customer_profiles
426.0,spencer dunlap,toddsmith@example.com,example.com,,2026-03-10T04:25:40.797063+05:30,customer_profiles
427.0,deborah watson,danielstokes@example.com,example.com,,2026-03-10T04:25:40.797063+05:30,customer_profiles
428.0,sara brown,ashley95@example.net,example.net,,2026-03-10T04:25:40.797063+05:30,customer_profiles
429.0,karen andrews,amy67@example.org,example.org,,2026-03-10T04:25:40.797063+05:30,customer_profiles
430.0,rachel hansen,garciakathleen@example.org,example.org,,2026-03-10T04:25:40.797063+05:30,customer_profiles
431.0,,igillespie@example.net,example.net,,2026-03-10T04:25:40.797063+05:30,customer_profiles
432.0,gerald walker,christopher50@example.org,example.org,,2026-03-10T04:25:40.797063+05:30,customer_profiles
433.0,jeremy schmitt,scottwilliams@example.org,example.org,,2026-03-10T04:25:40.797063+05:30,customer_profiles
434.0,timothy davis,zacharysmith@example.com,example.com,,2026-03-10T04:25:40.797063+05:30,customer_profiles
435.0,kevin wood,suzanne16@example.org,example.org,,2026-03-10T04:25:40.797063+05:30,customer_profiles
436.0,rebekah smith,donald52@example.net,example.net,,2026-03-10T04:25:40.797063+05:30,customer_profiles
437.0,christopher ruiz,xcampbell@example.org,example.org,,2026-03-10T04:25:40.797063+05:30,customer_profiles
438.0,tracy dickson,tapiadesiree@example.org,example.org,,2026-03-10T04:25:40.797063+05:30,customer_profiles
439.0,andrew johnson,madams@example.com,example.com,,2026-03-10T04:25:40.797063+05:30,customer_profiles
440.0,michelle hayes,emilyerickson@example.com,example.com,,2026-03-10T04:25:40.797063+05:30,customer_profiles
441.0,andrew harmon,ntrujillo@example.net,example.net,,2026-03-10T04:25:40.797063+05:30,customer_profiles
442.0,daniel church,bellkristie@example.net,example.net,,2026-03-10T04:25:40.797063+05:30,customer_profiles
443.0,dr. matthew erickson,bhill@example.org,example.org,,2026-03-10T04:25:40.797063+05:30,customer_profiles
444.0,joshua snow,andrewherrera@example.net,example.net,,2026-03-10T04:25:40.797063+05:30,customer_profiles
445.0,micheal lopez,pattersonashley@example.org,example.org,,2026-03-10T04:25:40.797063+05:30,customer_profiles
446.0,ms. gloria johnson,prodgers@example.com,example.com,,2026-03-10T04:25:40.797063+05:30,customer_profiles
447.0,anthony smith,randypalmer@example.org,example.org,,2026-03-10T04:25:40.797063+05:30,customer_profiles
448.0,amber johnson,ryanflores@example.net,example.net,,2026-03-10T04:25:40.797063+05:30,customer_profiles
449.0,jennifer scott,tara06@example.com,example.com,,2026-03-10T04:25:40.797063+05:30,customer_profiles
450.0,david suarez,eileen48@example.net,example.net,,2026-03-10T04:25:40.797063+05:30,customer_profiles
451.0,peter silva,johnscott@example.org,example.org,,2026-03-10T04:25:40.797063+05:30,customer_profiles
452.0,matthew williams,garnertammy@example.com,example.com,,2026-03-10T04:25:40.797063+05:30,customer_profiles
453.0,ralph gross,johnsonderrick@example.net,example.net,,2026-03-10T04:25:40.797063+05:30,customer_profiles
454.0,richard reeves,mooredenise@example.org,example.org,,2026-03-10T04:25:40.797063+05:30,customer_profiles
455.0,judith cain dvm,lwhitney@example.net,example.net,,2026-03-10T04:25:40.797063+05:30,customer_profiles
456.0,elizabeth thompson,harveypeter@example.com,example.com,,2026-03-10T04:25:40.797063+05:30,customer_profiles
457.0,stacie caldwell,briansmith@example.org,example.org,,2026-03-10T04:25:40.797063+05:30,customer_profiles
458.0,raymond pittman,amiller@example.org,example.org,,2026-03-10T04:25:40.797063+05:30,customer_profiles
459.0,deborah oconnor,stephenssteven@example.net,example.net,,2026-03-10T04:25:40.797063+05:30,customer_profiles
460.0,joshua lucero,shellyraymond@example.net,example.net,,2026-03-10T04:25:40.797063+05:30,customer_profiles
461.0,scott mckinney,porterwendy@example.com,example.com,,2026-03-10T04:25:40.797063+05:30,customer_profiles
462.0,carl hogan,brownashley@example.org,example.org,,2026-03-10T04:25:40.797063+05:30,customer_profiles
463.0,lindsay johnson,leachryan@example.net,example.net,,2026-03-10T04:25:40.797063+05:30,customer_profiles
464.0,mark banks,jonscott@example.net,example.net,,2026-03-10T04:25:40.797063+05:30,customer_profiles
465.0,jillian pierce,christopher07@example.com,example.com,,2026-03-10T04:25:40.797063+05:30,customer_profiles
466.0,brianna browning,michael86@example.org,example.org,,2026-03-10T04:25:40.797063+05:30,customer_profiles
467.0,raven hill,samanthadavis@example.org,example.org,,2026-03-10T04:25:40.797063+05:30,customer_profiles
468.0,robert gomez,,unknown,,2026-03-10T04:25:40.797063+05:30,customer_profiles
469.0,melissa grant,smithryan@example.com,example.com,,2026-03-10T04:25:40.797063+05:30,customer_profiles
470.0,allison russell,tlopez@example.org,example.org,,2026-03-10T04:25:40.797063+05:30,customer_profiles
471.0,gary mcdonald,ocook@example.org,example.org,,2026-03-10T04:25:40.797063+05:30,customer_profiles
472.0,randall randolph,virginiachambers@example.com,example.com,,2026-03-10T04:25:40.797063+05:30,customer_profiles
473.0,david christensen,bryanchristine@example.net,example.net,,2026-03-10T04:25:40.797063+05:30,customer_profiles
474.0,eric smith,catherinewells@example.com,example.com,,2026-03-10T04:25:40.797063+05:30,customer_profiles
475.0,colton sanders,allenchristopher@example.net,example.net,,2026-03-10T04:25:40.797063+05:30,customer_profiles
476.0,john patel,chanjoshua@example.com,example.com,,2026-03-10T04:25:40.797063+05:30,customer_profiles
477.0,mrs. leslie watson,michael94@example.org,example.org,,2026-03-10T04:25:40.797063+05:30,customer_profiles
478.0,joshua hubbard,bowmanjames@example.com,example.com,,2026-03-10T04:25:40.797063+05:30,customer_profiles
479.0,jessica ward,melaniecampbell@example.com,example.com,,2026-03-10T04:25:40.797063+05:30,customer_profiles
480.0,andrea boone,jmiller@example.net,example.net,,2026-03-10T04:25:40.797063+05:30,customer_profiles
481.0,joshua ross,bryanturner@example.org,example.org,,2026-03-10T04:25:40.797063+05:30,customer_profiles
482.0,dana ayers,rodriguezchloe@example.com,example.com,,2026-03-10T04:25:40.797063+05:30,customer_profiles
483.0,john singleton,shill@example.com,example.com,,2026-03-10T04:25:40.797063+05:30,customer_profiles
484.0,michael villarreal,clementsjimmy@example.org,example.org,,2026-03-10T04:25:40.797063+05:30,customer_profiles
485.0,laura franklin,carrollsarah@example.org,example.org,,2026-03-10T04:25:40.797063+05:30,customer_profiles
486.0,donna cruz,erikawhite@example.com,example.com,,2026-03-10T04:25:40.797063+05:30,customer_profiles
487.0,timothy lewis,rflores@example.net,example.net,,2026-03-10T04:25:40.797063+05:30,customer_profiles
488.0,abigail anderson,cassandra73@example.com,example.com,,2026-03-10T04:25:40.797063+05:30,customer_profiles
489.0,mr. robert roberts,fcurtis@example.com,example.com,,2026-03-10T04:25:40.797063+05:30,customer_profiles
490.0,stacey montgomery,donaldmathis@example.com,example.com,,2026-03-10T04:25:40.797063+05:30,customer_profiles
491.0,charles gentry,nchavez@example.com,example.com,,2026-03-10T04:25:40.797063+05:30,customer_profiles
492.0,laura green,xconway@example.com,example.com,,2026-03-10T04:25:40.797063+05:30,customer_profiles
493.0,katelyn walton,edwardswilliam@example.org,example.org,,2026-03-10T04:25:40.797063+05:30,customer_profiles
494.0,jennifer ortiz,diazdalton@example.net,example.net,,2026-03-10T04:25:40.797063+05:30,customer_profiles
495.0,lynn kerr,lynnyoung@example.org,example.org,,2026-03-10T04:25:40.797063+05:30,customer_profiles
496.0,william lee,fbenitez@example.com,example.com,,2026-03-10T04:25:40.797063+05:30,customer_profiles
497.0,jennifer walker,michellecombs@example.net,example.net,,2026-03-10T04:25:40.797063+05:30,customer_profiles
498.0,emily smith,xrice@example.net,example.net,,2026-03-10T04:25:40.797063+05:30,customer_profiles
499.0,brian garcia,rita95@example.com,example.com,,2026-03-10T04:25:40.797063+05:30,customer_profiles
500.0,alan smith,adamsbrad@example.net,example.net,,2026-03-10T04:25:40.797063+05:30,customer_profiles
236.0,tyrone stanton,lindafox@example.net,example.net,,2026-03-10T04:25:40.797063+05:30,customer_profiles
185.0,###typo,williamferrell@example.org,example.org,,2026-03-10T04:25:40.797063+05:30,customer_profiles
182.0,brittany henry,jamesgray@example.com,example.com,,2026-03-10T04:25:40.797063+05:30,customer_profiles
38.0,chase gutierrez,gevans@example.net,example.net,,2026-03-10T04:25:40.797063+05:30,customer_profiles
472.0,randall randolph,virginiachambers@example.com,example.com,,2026-03-10T04:25:40.797063+05:30,customer_profiles
160.0,joel moore,tyler80@example.com,example.com,,2026-03-10T04:25:40.797063+05:30,customer_profiles
373.0,wanda hansen,cknight@example.com,example.com,,2026-03-10T04:25:40.797063+05:30,customer_profiles
27.0,ashley compton,,unknown,,2026-03-10T04:25:40.797063+05:30,customer_profiles
