user_id,name,email,phone,shipping_address,signup_ts,is_active,_ingestion_ts,_source_file,_ingestion_date
1.0,Christian Carter,abarnett@example.com,,,2024-06-08,True,2026-01-05 15:19:13.325201,users_dataset.csv,2026-01-05
2.0,Pedro Burton,daisy23@example.org,+1-347-816-2226,,2024-08-23,False,2026-01-05 15:19:13.325201,users_dataset.csv,2026-01-05
3.0,Bryan Ross,jeffreysparks@example.org,713.856.0974x95,"23191 Tonya Court Suite 106, West Brandon, MI 79827",2024-07-05,True,2026-01-05 15:19:13.325201,users_dataset.csv,2026-01-05
4.0,Sara Nunez,lisa81@example.com,+1-780-726-3058,"Unit 5107 Box 0248, DPO AE 86541",2022-10-22,True,2026-01-05 15:19:13.325201,users_dataset.csv,2026-01-05
5.0,Rachel Randall DDS,cobbshari@example.org,4088291592,"6103 Samuel Greens, Jamesfort, MH 13339",2022-08-09,True,2026-01-05 15:19:13.325201,users_dataset.csv,2026-01-05
6.0,Jennifer Torres,johnsonjohn@example.com,001-685-952-213,"8017 Webster Forks, North Alexanderport, NV 74221",2023-12-26,True,2026-01-05 15:19:13.325201,users_dataset.csv,2026-01-05
7.0,Christine Martin,hartdawn@example.org,730-375-4897,"9257 Russell Green, West Bradleyville, TN 91807",2022-06-22,True,2026-01-05 15:19:13.325201,users_dataset.csv,2026-01-05
8.0,Steve Johnston,hwall@example.net,,"908 Mccann Ford Suite 179, Williamton, OH 93238",2023-07-10,False,2026-01-05 15:19:13.325201,users_dataset.csv,2026-01-05
9.0,Laurie Manning,smendoza@example.net,,"PSC 9387, Box 5512, APO AE 47163",2023-09-11,True,2026-01-05 15:19:13.325201,users_dataset.csv,2026-01-05
10.0,Brian Martinez,omiller@example.net,(759)586-1895,"086 Michelle Burgs Suite 274, Hilltown, IN 98804",2023-08-11,True,2026-01-05 15:19:13.325201,users_dataset.csv,2026-01-05
11.0,Jacob Henson,michael41@example.org,001-330-365-682,"2875 Kendra Union Apt. 291, Alyssaberg, IN 19451",2023-09-19,True,2026-01-05 15:19:13.325201,users_dataset.csv,2026-01-05
12.0,Jesus Johnson,smithrebecca@example.org,(837)751-1413x6,"560 Douglas Fords Suite 966, Owensstad, LA 67229",2022-04-01,False,2026-01-05 15:19:13.325201,users_dataset.csv,2026-01-05
13.0,Damon Moore,travis98@example.org,001-863-872-352,"549 Douglas Greens, Lake Annshire, MN 83044",2023-12-11,True,2026-01-05 15:19:13.325201,users_dataset.csv,2026-01-05
14.0,Deborah Smith,myoung@example.com,(405)642-8963x6,"USCGC Reyes, FPO AA 24696",2023-02-01,True,2026-01-05 15:19:13.325201,users_dataset.csv,2026-01-05
15.0,Nicole Harris,morrisshannon@example.com,507.956.7103x48,"7346 Mendez Neck, Dustintown, VI 19432",2022-09-27,True,2026-01-05 15:19:13.325201,users_dataset.csv,2026-01-05
16.0,Jennifer Brown,adamsamy@example.org,555-820-8409x98,"71259 Stevens Well Suite 049, Johnmouth, LA 37745",2023-01-26,True,2026-01-05 15:19:13.325201,users_dataset.csv,2026-01-05
17.0,Ryan Lowery,parrishaaron@example.org,398.989.8868,"6959 Robin Underpass Apt. 046, Whitestad, UT 00507",2022-10-09,True,2026-01-05 15:19:13.325201,users_dataset.csv,2026-01-05
18.0,Matthew Smith,kennedyvictoria@example.org,001-322-821-661,"PSC 2648, Box 9157, APO AP 22344",2024-07-21,True,2026-01-05 15:19:13.325201,users_dataset.csv,2026-01-05
19.0,Brian Flowers,edwardskristen@example.net,+1-444-717-1576,"3743 Kristen Motorway Suite 202, East Jennifertown, SC 47907",2022-01-01,True,2026-01-05 15:19:13.325201,users_dataset.csv,2026-01-05
20.0,Nicholas Kent,imueller@example.com,(509)537-8589x6,"6554 Eric Union Suite 994, Hessfort, WI 90807",2022-09-02,True,2026-01-05 15:19:13.325201,users_dataset.csv,2026-01-05
,Ryan Norton,bmaxwell@example.org,2139856953,"8153 Alan Mills, Katieside, MO 43065",2023-12-20,True,2026-01-05 15:19:13.325201,users_dataset.csv,2026-01-05
22.0,Zachary Thompson,hartmancory@example.org,657.805.0613,"59182 Reid Square, New Rodney, CO 15693",2023-06-05,True,2026-01-05 15:19:13.325201,users_dataset.csv,2026-01-05
23.0,Mark Hudson,lyonschristy@example.com,001-203-970-110,"748 Christensen Rue Suite 849, Michaelburgh, SC 39823",2023-11-18,True,2026-01-05 15:19:13.325201,users_dataset.csv,2026-01-05
24.0,Timothy Zhang,connie65@example.net,(627)632-5814,"27302 Day Stream Suite 138, East Brucehaven, MA 35457",2024-04-10,True,2026-01-05 15:19:13.325201,users_dataset.csv,2026-01-05
25.0,Betty Terry,navarrokimberly@example.com,+1-892-670-4206,"PSC 8413, Box 0366, APO AP 26238",,True,2026-01-05 15:19:13.325201,users_dataset.csv,2026-01-05
26.0,Ruben Garcia,gallen@example.net,+1-407-281-0157,"253 Katelyn Station, East Carla, IA 41755",2022-10-16,True,2026-01-05 15:19:13.325201,users_dataset.csv,2026-01-05
27.0,Ashley Compton,osmith@example.com,5107035142,"2464 Jimmy Harbor, Lake Andrea, WA 42286",2022-01-26,,2026-01-05 15:19:13.325201,users_dataset.csv,2026-01-05
28.0,Joshua Gallagher,banksjesus@example.org,001-871-677-179,"96263 Joshua Port, West Darryl, DC 12661",2024-01-09,True,2026-01-05 15:19:13.325201,users_dataset.csv,2026-01-05
29.0,Brian Freeman,ithomas@example.net,001-658-843-905,"634 Tyler Forks Apt. 009, Susanside, PA 48272",2022-03-23,True,2026-01-05 15:19:13.325201,users_dataset.csv,2026-01-05
30.0,Shawn Wiggins,rreed@example.net,795-584-0936x80,"62872 Jessica Shores, West Michaelstad, KY 40636",2023-04-25,True,2026-01-05 15:19:13.325201,users_dataset.csv,2026-01-05
31.0,Keith Todd,nicholas16@example.org,,"8179 Douglas Lake Apt. 162, South Rhondashire, RI 66058",2023-02-22,True,2026-01-05 15:19:13.325201,users_dataset.csv,2026-01-05
32.0,Madeline Johnson,nwhite@example.org,6462593286,"Unit 4600 Box 3819, DPO AA 07423",2024-01-06,True,2026-01-05 15:19:13.325201,users_dataset.csv,2026-01-05
33.0,Ms. Kathryn Morris,chadgaines@example.org,(690)213-5731,"9796 Stewart Well Suite 348, Lake Kevin, NY 80970",2023-02-28,True,2026-01-05 15:19:13.325201,users_dataset.csv,2026-01-05
34.0,Joshua Stewart,andrew64@example.org,001-298-511-399,"426 Snyder Turnpike Suite 000, Rosalesview, AR 17868",2023-07-12,False,2026-01-05 15:19:13.325201,users_dataset.csv,2026-01-05
35.0,Sheri Myers,josephjohn@example.org,570.464.9485x17,"PSC 3096, Box 8298, APO AE 81751",2022-02-09,False,2026-01-05 15:19:13.325201,users_dataset.csv,2026-01-05
36.0,Mary Nguyen,murraykayla@example.com,959-237-3805,"16124 Eric Motorway, Jessicafort, PR 55062",2024-02-19,True,2026-01-05 15:19:13.325201,users_dataset.csv,2026-01-05
37.0,Xavier Velasquez,hsmith@example.com,+1-628-397-9349,"0072 Garza Crest Suite 746, Nancyville, VA 16375",2022-06-21,True,2026-01-05 15:19:13.325201,users_dataset.csv,2026-01-05
38.0,Chase Gutierrez,gevans@example.net,001-457-305-187,"8257 Anna Fall, Carrollport, CO 88988",2022-07-15,,2026-01-05 15:19:13.325201,users_dataset.csv,2026-01-05
39.0,Colleen Powell,aallen@example.net,2997044674,"03267 Duran Garden Suite 924, East Jonathan, NY 91743",2023-10-10,True,2026-01-05 15:19:13.325201,users_dataset.csv,2026-01-05
40.0,William Bell,iwright@example.org,539.250.2442,"Unit 1005 Box 1061, DPO AA 06975",2023-07-29,True,2026-01-05 15:19:13.325201,users_dataset.csv,2026-01-05
41.0,Keith Ross,,+1-605-855-9201,"7380 Lisa Via, New Annaberg, OH 04415",2024-04-17,True,2026-01-05 15:19:13.325201,users_dataset.csv,2026-01-05
42.0,Jennifer Mullen,lindamyers@example.net,310.511.1563,"295 Galloway Brook, Mcbrideburgh, WI 94464",2022-02-14,True,2026-01-05 15:19:13.325201,users_dataset.csv,2026-01-05
43.0,Matthew Green,susanvasquez@example.org,001-468-242-853,"461 Harvey Valleys, North Danielberg, MP 77233",2022-12-29,True,2026-01-05 15:19:13.325201,users_dataset.csv,2026-01-05
44.0,Jennifer Jackson,gshaw@example.com,001-564-771-227,"87633 Madison Spurs Suite 125, Wernerhaven, MD 62610",2022-07-31,False,2026-01-05 15:19:13.325201,users_dataset.csv,2026-01-05
45.0,Katie Cooley,hannahfuller@example.org,+1-264-229-5091,"61799 Jennifer Village Apt. 371, West Pam, MP 84541",2023-12-17,True,2026-01-05 15:19:13.325201,users_dataset.csv,2026-01-05
46.0,Jeremiah Thomas,twarren@example.org,+1-766-820-4127,"9413 Rachel Place, New Markmouth, SC 93025",2024-07-20,True,2026-01-05 15:19:13.325201,users_dataset.csv,2026-01-05
47.0,Joe Reid,jeremyrivas@example.net,6217247801,"7216 Brown Avenue Suite 339, Michaelberg, LA 33179",2023-06-26,True,2026-01-05 15:19:13.325201,users_dataset.csv,2026-01-05
48.0,Karen Hernandez,htravis@example.org,001-605-266-790,"4742 Lambert Trail, South Jaclyn, NY 77340",2023-07-21,True,2026-01-05 15:19:13.325201,users_dataset.csv,2026-01-05
49.0,Travis Moore,michellemolina@example.com,001-269-491-865,"914 Villa Neck, Evansland, RI 71063",2024-07-22,True,2026-01-05 15:19:13.325201,users_dataset.csv,2026-01-05
50.0,William Smith MD,carolnichols@example.org,271-549-8632,"328 Tonya Curve Apt. 340, Nicholasville, VT 08524",2023-10-04,True,2026-01-05 15:19:13.325201,users_dataset.csv,2026-01-05
51.0,Alexander Murray,,001-482-768-252,"779 Parsons Underpass, Gonzalezmouth, LA 88540",,,2026-01-05 15:19:13.325201,users_dataset.csv,2026-01-05
52.0,Jeffrey Butler,kayla75@example.com,(520)975-1595,"8542 Michael Curve Apt. 104, Henryburgh, AS 31425",2022-01-29,True,2026-01-05 15:19:13.325201,users_dataset.csv,2026-01-05
53.0,Diane Sanders,christinehayes@example.com,292-267-2769,"9341 Robinson Vista, Castanedaland, AZ 63546",2023-08-07,False,2026-01-05 15:19:13.325201,users_dataset.csv,2026-01-05
54.0,Taylor Cohen,donnamack@example.org,,"911 Johnny Point Suite 758, North Patrick, WI 19235",2024-08-02,False,2026-01-05 15:19:13.325201,users_dataset.csv,2026-01-05
55.0,Veronica Watkins,abradford@example.org,+1-801-688-9956,"5038 Chapman Plaza, Mcculloughland, GA 50825",2022-04-11,True,2026-01-05 15:19:13.325201,users_dataset.csv,2026-01-05
56.0,Tim Dillon,carlsoneric@example.org,3897012764,"418 Pamela Brooks Apt. 040, West Nicholas, AS 85906",2023-09-25,False,2026-01-05 15:19:13.325201,users_dataset.csv,2026-01-05
,Michael Simon,jonessuzanne@example.net,754.634.8252x69,"47317 Johnson Circle Apt. 111, Angelburgh, IN 42794",2023-07-19,True,2026-01-05 15:19:13.325201,users_dataset.csv,2026-01-05
58.0,Lisa Johnston DVM,jenniferwagner@example.com,(318)949-0222x5,"7489 Michael Walk, Johnview, AL 96031",2022-07-09,True,2026-01-05 15:19:13.325201,users_dataset.csv,2026-01-05
59.0,Ryan Sullivan,woodsaaron@example.com,,"1926 Cameron Branch Apt. 323, Lake Kevin, VI 40653",2022-04-13,True,2026-01-05 15:19:13.325201,users_dataset.csv,2026-01-05
60.0,Maureen Taylor,xpayne@example.org,001-939-756-469,"741 Michael Point, Gordonchester, KY 13136",2024-02-13,True,2026-01-05 15:19:13.325201,users_dataset.csv,2026-01-05
61.0,Beth Fields,cruzzachary@example.com,4409372687,"95604 Lisa Station, New Melody, MO 88764",2023-02-12,True,2026-01-05 15:19:13.325201,users_dataset.csv,2026-01-05
62.0,Tyler Norris,erivera@example.org,+1-790-685-6357,"764 Cox Canyon Suite 058, New Matthew, IL 47409",2022-12-20,True,2026-01-05 15:19:13.325201,users_dataset.csv,2026-01-05
63.0,Andrew Perez,jcoleman@example.com,630.439.9114x97,"086 Nicole Forge, East Gregorytown, MN 75819",2023-09-15,True,2026-01-05 15:19:13.325201,users_dataset.csv,2026-01-05
64.0,Kathryn Scott,hudsonpatrick@example.org,715-783-1575x41,"9078 Gary Gateway, Lake Royfurt, MO 57427",2023-02-16,True,2026-01-05 15:19:13.325201,users_dataset.csv,2026-01-05
65.0,Mr. Kevin Hodge Jr.,joseph71@example.org,648-773-8995x49,"89468 Cindy Groves, South Josephburgh, CT 76801",2022-08-30,True,2026-01-05 15:19:13.325201,users_dataset.csv,2026-01-05
66.0,Joanna Phillips,larryboyd@example.com,489-772-2530x67,"14383 Phillips Grove, Glennview, NH 12586",2022-05-10,True,2026-01-05 15:19:13.325201,users_dataset.csv,2026-01-05
67.0,Cameron Daniels,austinberry@example.net,845.629.0888,"835 George Bypass Apt. 615, Manuelton, DC 28919",2022-11-16,True,2026-01-05 15:19:13.325201,users_dataset.csv,2026-01-05
68.0,Renee Green,shannon59@example.com,405-454-8136x11,"508 Elliott Street Apt. 386, Port Miguel, IN 44951",2024-04-16,True,2026-01-05 15:19:13.325201,users_dataset.csv,2026-01-05
69.0,Michele Johnson,shirley66@example.com,(658)902-4210x6,"6736 Love Mill Suite 302, North Teresaview, MA 47354",2024-03-30,True,2026-01-05 15:19:13.325201,users_dataset.csv,2026-01-05
70.0,Angel Ritter,qroberts@example.com,001-664-302-343,"36916 Sanchez Squares Apt. 687, Garrettshire, TN 26027",2023-05-30,False,2026-01-05 15:19:13.325201,users_dataset.csv,2026-01-05
71.0,Casey Thompson,kward@example.com,762-818-9159x56,"616 Johnson Gateway, Markmouth, ID 58468",2023-06-24,True,2026-01-05 15:19:13.325201,users_dataset.csv,2026-01-05
72.0,Edgar Hernandez,rebecca62@example.net,586.286.3984,"996 Moore Islands Apt. 737, Heathertown, TN 72939",2023-06-27,True,2026-01-05 15:19:13.325201,users_dataset.csv,2026-01-05
73.0,Debbie Romero,umyers@example.org,351.529.5100x44,"2054 Thomas Inlet Apt. 602, Emilyfurt, AS 91502",2022-06-25,True,2026-01-05 15:19:13.325201,users_dataset.csv,2026-01-05
74.0,Theresa Hernandez,janet87@example.com,+1-328-596-0133,"43066 Stephens Square Suite 419, Stevensville, TX 74574",2024-06-05,True,2026-01-05 15:19:13.325201,users_dataset.csv,2026-01-05
75.0,Robert Jackson,ryan69@example.net,+1-795-518-8664,"11522 Nancy Garden Apt. 127, East Jamesborough, NY 83825",2022-11-19,True,2026-01-05 15:19:13.325201,users_dataset.csv,2026-01-05
76.0,Danielle Roman,yanderson@example.net,901.606.1721x76,"83764 Carl Ford, Wattstown, TN 53292",2024-02-27,True,2026-01-05 15:19:13.325201,users_dataset.csv,2026-01-05
77.0,Lawrence Young,bowmandavid@example.org,(955)823-8396,"257 Hamilton Tunnel, Bowenberg, NH 23231",2023-02-22,True,2026-01-05 15:19:13.325201,users_dataset.csv,2026-01-05
78.0,Jared Flowers,melaniejackson@example.com,(631)794-6969,"1754 Vasquez Flat, Lake Heather, KS 67441",2024-06-28,True,2026-01-05 15:19:13.325201,users_dataset.csv,2026-01-05
79.0,Terri Kelly,simonmichael@example.net,728.834.5661x23,,2024-01-08,True,2026-01-05 15:19:13.325201,users_dataset.csv,2026-01-05
80.0,Bobby Walters,greenematthew@example.net,569-306-3211x33,"06749 Nicole Pike, Lake Rhonda, MN 51805",2022-01-04,True,2026-01-05 15:19:13.325201,users_dataset.csv,2026-01-05
81.0,Alexandria Gonzalez,donnadunn@example.org,569-625-8235x24,"397 Amy Well Suite 957, Diazchester, OK 00805",2023-07-30,False,2026-01-05 15:19:13.325201,users_dataset.csv,2026-01-05
82.0,Beth Brown,nchavez@example.com,(534)620-3440,"PSC 8876, Box 8415, APO AA 53943",2022-05-09,True,2026-01-05 15:19:13.325201,users_dataset.csv,2026-01-05
83.0,George Arnold,jspencer@example.com,8599394088,"8310 Jeremiah Fords Suite 594, Michelleborough, ND 95479",2022-10-26,True,2026-01-05 15:19:13.325201,users_dataset.csv,2026-01-05
84.0,Brian Williams,dcannon@example.com,001-380-819-074,,2023-05-24,True,2026-01-05 15:19:13.325201,users_dataset.csv,2026-01-05
85.0,William Barnes,igarcia@example.com,755-923-3444,"192 Jimmy Groves Suite 744, Port Jane, KY 04857",2023-07-18,True,2026-01-05 15:19:13.325201,users_dataset.csv,2026-01-05
86.0,Danielle Beck,russellpamela@example.net,(956)507-3966x2,"558 Johnson Well, New Melissamouth, LA 42051",2022-12-09,True,2026-01-05 15:19:13.325201,users_dataset.csv,2026-01-05
87.0,Leah Thomas,karen12@example.com,+1-916-932-6115,"USNS Gonzalez, FPO AA 19804",2022-11-01,True,2026-01-05 15:19:13.325201,users_dataset.csv,2026-01-05
88.0,Christopher Wright DDS,alexandriamarquez@example.org,757.530.4832,"157 David Corners, North Taylorfort, RI 59751",2023-06-18,True,2026-01-05 15:19:13.325201,users_dataset.csv,2026-01-05
89.0,Amy Alvarez,mreid@example.org,(393)818-7548,"1155 Bethany Summit Apt. 458, Danaburgh, NY 56694",2022-02-03,False,2026-01-05 15:19:13.325201,users_dataset.csv,2026-01-05
90.0,Karen Torres,megan19@example.net,001-786-726-672,"881 Todd Ford Apt. 599, South James, MH 67821",2022-09-07,True,2026-01-05 15:19:13.325201,users_dataset.csv,2026-01-05
91.0,Michael Hall,andersonkathryn@example.net,740-497-7103,"3324 Hess Knoll, Herreraville, VA 01518",2022-10-26,True,2026-01-05 15:19:13.325201,users_dataset.csv,2026-01-05
92.0,Troy Olson,kbean@example.net,551-853-0395x39,"42200 Munoz Path Apt. 311, South Tiffany, VA 37072",2023-12-03,True,2026-01-05 15:19:13.325201,users_dataset.csv,2026-01-05
93.0,Caleb Ferguson,xmckinney@example.net,001-396-354-704,"USNV Miranda, FPO AP 13607",2023-04-29,True,2026-01-05 15:19:13.325201,users_dataset.csv,2026-01-05
94.0,Tamara Robbins,rmurphy@example.net,(609)621-2161x2,"USCGC Cooper, FPO AA 85689",2023-04-12,True,2026-01-05 15:19:13.325201,users_dataset.csv,2026-01-05
95.0,Julia Barnes,cookjason@example.net,,"467 Ryan Glen Suite 618, New Karishire, WI 75246",2023-09-30,True,2026-01-05 15:19:13.325201,users_dataset.csv,2026-01-05
96.0,Amanda Villarreal,,(553)419-9815,"34286 Nicole Mountain, West Robert, DE 78433",2022-06-06,True,2026-01-05 15:19:13.325201,users_dataset.csv,2026-01-05
97.0,Sean Morrison,ndoyle@example.net,,"661 Nicole Ford, Millerton, VI 06326",2023-04-17,True,2026-01-05 15:19:13.325201,users_dataset.csv,2026-01-05
98.0,,keykenneth@example.org,(439)256-2575,"PSC 7042, Box 5399, APO AE 95284",2022-10-12,True,2026-01-05 15:19:13.325201,users_dataset.csv,2026-01-05
99.0,Patrick Baker,susancook@example.org,6435410694,"388 Stone Village Suite 221, Oconnellborough, DC 74161",2024-05-21,True,2026-01-05 15:19:13.325201,users_dataset.csv,2026-01-05
100.0,Natalie Lawson,aliciakeller@example.org,+1-473-972-4655,"USNS George, FPO AP 43209",2023-05-01,True,2026-01-05 15:19:13.325201,users_dataset.csv,2026-01-05
101.0,Bryan Garcia,jonespatricia@example.org,666.504.3985,"81243 Joel Viaduct, New Cheyenneview, NM 36284",2023-02-22,True,2026-01-05 15:19:13.325201,users_dataset.csv,2026-01-05
102.0,Juan Estrada,robinsonkaren@example.com,9772121255,"722 Malone Grove Suite 784, Hendersonshire, PR 93965",2022-12-09,True,2026-01-05 15:19:13.325201,users_dataset.csv,2026-01-05
103.0,Jamie Vasquez,stewartjonathan@example.org,962-341-5657,"7622 Jones Wells, Barrside, TX 79095",2023-04-25,True,2026-01-05 15:19:13.325201,users_dataset.csv,2026-01-05
104.0,Tommy Green,jbryant@example.com,664.924.4484x08,"4199 Samantha Crossroad Suite 327, Marvinport, DC 86655",2024-09-29,True,2026-01-05 15:19:13.325201,users_dataset.csv,2026-01-05
105.0,Mary Diaz,,(845)433-1440x7,"5786 Drew Road Apt. 879, North Heathertown, ID 15970",2024-02-04,False,2026-01-05 15:19:13.325201,users_dataset.csv,2026-01-05
106.0,Joel Allen,paulareyes@example.net,+1-513-697-7223,"3084 Williams Point Apt. 389, Arielville, FM 86661",2024-09-07,True,2026-01-05 15:19:13.325201,users_dataset.csv,2026-01-05
107.0,Melissa Silva,amyglass@example.org,6694278322,"578 Diane Locks, Wardview, AR 02745",2022-06-18,True,2026-01-05 15:19:13.325201,users_dataset.csv,2026-01-05
108.0,Dylan Nelson,wanderson@example.org,7072822484,"Unit 2835 Box 7952, DPO AP 50771",2023-06-27,True,2026-01-05 15:19:13.325201,users_dataset.csv,2026-01-05
109.0,Erica Dorsey,laurahenderson@example.com,(961)952-5595x2,"214 Rebecca Forges, Harrisonborough, WV 97997",2023-05-28,True,2026-01-05 15:19:13.325201,users_dataset.csv,2026-01-05
110.0,Kenneth Brown,thompsonbrianna@example.com,318-610-1690x43,"8180 Mercer Lodge Suite 800, Tonyatown, VT 78486",2023-06-07,,2026-01-05 15:19:13.325201,users_dataset.csv,2026-01-05
111.0,Michael Pollard,rpalmer@example.net,(633)801-7129,"475 Daniel Pike, Johnside, NM 76690",2023-04-28,True,2026-01-05 15:19:13.325201,users_dataset.csv,2026-01-05
112.0,Mckenzie Conrad,,(219)903-3342x8,,2024-07-05,True,2026-01-05 15:19:13.325201,users_dataset.csv,2026-01-05
113.0,Maria Robertson,flove@example.net,283.322.0691x49,"Unit 3202 Box 8139, DPO AP 35763",2022-02-28,False,2026-01-05 15:19:13.325201,users_dataset.csv,2026-01-05
114.0,Ryan Garza,rodneywoods@example.org,(290)802-5447,"8750 Hernandez Loop, West Chadburgh, VI 89363",2024-06-28,True,2026-01-05 15:19:13.325201,users_dataset.csv,2026-01-05
115.0,Jeffrey Miller,wschneider@example.com,(857)428-0845x3,,2022-04-11,True,2026-01-05 15:19:13.325201,users_dataset.csv,2026-01-05
116.0,Richard Williams,jasonstone@example.org,+1-584-524-7668,"9490 Nichole Ridge Apt. 961, New Markchester, NM 44528",2023-09-19,False,2026-01-05 15:19:13.325201,users_dataset.csv,2026-01-05
117.0,Laura Brown,lewisbenjamin@example.org,(870)808-5802,"47361 Meagan Locks Suite 578, Sandersbury, ND 81106",2022-04-29,True,2026-01-05 15:19:13.325201,users_dataset.csv,2026-01-05
118.0,Brent Williamson,andrewscott@example.org,872.789.5878x88,"392 Lee Drive Suite 817, Amandashire, VA 09578",2022-12-21,True,2026-01-05 15:19:13.325201,users_dataset.csv,2026-01-05
119.0,Jose Watson,richardsonrichard@example.net,001-637-382-068,"04826 Christopher Trail Apt. 255, North Matthewchester, AS 04683",2024-08-01,,2026-01-05 15:19:13.325201,users_dataset.csv,2026-01-05
120.0,Elizabeth Holland,chapmanlarry@example.com,+1-641-439-0934,"561 Alexander Extension, East Cheryl, NV 59605",2022-11-26,True,2026-01-05 15:19:13.325201,users_dataset.csv,2026-01-05
121.0,Tricia Perez,bmiller@example.net,+1-579-516-6247,"4403 Gina Hills, North Kaylaburgh, VT 71480",2023-07-17,True,2026-01-05 15:19:13.325201,users_dataset.csv,2026-01-05
122.0,Mrs. Alicia Wells,lgonzalez@example.org,527-435-3248x91,"6224 Schmidt Lane Apt. 418, East Carol, LA 34649",2024-10-30,False,2026-01-05 15:19:13.325201,users_dataset.csv,2026-01-05
123.0,William Malone,clairebuckley@example.com,001-712-988-879,"800 Rogers Track Apt. 786, Prattshire, UT 70814",2023-04-02,True,2026-01-05 15:19:13.325201,users_dataset.csv,2026-01-05
124.0,Thomas Spencer,vwilson@example.com,455.318.5344x58,"5743 Snyder Canyon, Lambertfort, IN 12402",2022-08-20,True,2026-01-05 15:19:13.325201,users_dataset.csv,2026-01-05
125.0,Alexander Miller,yhardy@example.com,001-250-716-307,"USNS Short, FPO AA 73799",2023-11-29,True,2026-01-05 15:19:13.325201,users_dataset.csv,2026-01-05
126.0,Mary Thompson,jadams@example.org,739-993-2169x13,"4302 Williams Forge, North Barrytown, MD 25080",2022-01-25,True,2026-01-05 15:19:13.325201,users_dataset.csv,2026-01-05
127.0,Trevor Blackburn,morrisonrobert@example.com,001-324-415-329,"74805 Allen Lodge, Arroyofort, MT 88009",2023-10-27,True,2026-01-05 15:19:13.325201,users_dataset.csv,2026-01-05
128.0,,dsmith@example.net,(570)449-8767,"6618 Miller Drive Suite 723, Pamelafort, NJ 40851",2022-04-20,False,2026-01-05 15:19:13.325201,users_dataset.csv,2026-01-05
129.0,Benjamin Hester,lrussell@example.com,001-475-857-773,"6237 Berry River, Barbaraburgh, GU 04613",2023-08-05,True,2026-01-05 15:19:13.325201,users_dataset.csv,2026-01-05
130.0,Mitchell Williams,kathy35@example.com,738-348-0231,"3350 Michael Throughway, New Lisa, MI 27468",2023-07-30,True,2026-01-05 15:19:13.325201,users_dataset.csv,2026-01-05
131.0,Jesse Edwards,nkirby@example.net,(814)766-5447x2,"04983 Vasquez Parkway, Lake Adam, MD 37678",2024-09-21,True,2026-01-05 15:19:13.325201,users_dataset.csv,2026-01-05
132.0,Elizabeth Johnson,jessicaperez@example.com,001-302-523-576,"6785 Leah Burgs, Shermanside, NV 89009",2024-02-09,True,2026-01-05 15:19:13.325201,users_dataset.csv,2026-01-05
133.0,Howard Jefferson,vickie57@example.net,9697157618,"753 Dean Green, Tracybury, TN 11376",2024-10-27,True,2026-01-05 15:19:13.325201,users_dataset.csv,2026-01-05
134.0,Stephanie Acosta,ubriggs@example.net,+1-390-429-6297,"8917 Steve Hill, Fostertown, AK 23789",2023-01-07,True,2026-01-05 15:19:13.325201,users_dataset.csv,2026-01-05
135.0,Tyler Young,madison75@example.org,+1-881-413-4554,"PSC 6105, Box 6243, APO AP 41780",2024-09-30,False,2026-01-05 15:19:13.325201,users_dataset.csv,2026-01-05
136.0,Tiffany Bell,adkinsjames@example.com,343.463.5860,"7035 Roberts Port, New Kimberly, NE 75652",2022-04-01,True,2026-01-05 15:19:13.325201,users_dataset.csv,2026-01-05
137.0,Eric Rodriguez,regina47@example.org,336-471-6191,"158 Rivera Prairie Suite 816, Lake Michelle, FL 20357",2022-12-27,True,2026-01-05 15:19:13.325201,users_dataset.csv,2026-01-05
138.0,Heather Cowan,sarah88@example.org,(325)206-1937,"1923 Huynh Club Apt. 445, Myersview, CA 37410",2023-02-25,True,2026-01-05 15:19:13.325201,users_dataset.csv,2026-01-05
139.0,Tiffany Smith,jose20@example.net,909-697-4162,"5167 Gonzalez Causeway Suite 981, Port Michael, ME 98000",2023-07-05,True,2026-01-05 15:19:13.325201,users_dataset.csv,2026-01-05
140.0,Claudia Trevino,heather62@example.org,575-661-4675x20,"639 Reginald Underpass Apt. 390, Reyeschester, AR 81107",2024-09-20,False,2026-01-05 15:19:13.325201,users_dataset.csv,2026-01-05
141.0,Jennifer Vaughn,mark48@example.com,(341)953-5836,"60042 Anthony Pike, Amberhaven, AZ 66063",2022-07-30,False,2026-01-05 15:19:13.325201,users_dataset.csv,2026-01-05
142.0,,scottkatherine@example.net,(417)599-6449,"65507 Sarah Grove, Lake Kristinborough, FM 25288",2024-04-24,True,2026-01-05 15:19:13.325201,users_dataset.csv,2026-01-05
143.0,Lisa Greer,mcarter@example.org,(734)342-5033,"PSC 0557, Box 2014, APO AA 72667",2024-02-28,True,2026-01-05 15:19:13.325201,users_dataset.csv,2026-01-05
144.0,Kenneth Shannon,katiebarnes@example.com,431.462.3573,"168 Michael Club Suite 484, Allenport, MO 26341",2023-07-18,,2026-01-05 15:19:13.325201,users_dataset.csv,2026-01-05
145.0,Robert Tyler,perezroy@example.net,397.309.9717,"5057 Richard Wells Apt. 615, Hartport, OH 61352",2023-06-13,True,2026-01-05 15:19:13.325201,users_dataset.csv,2026-01-05
146.0,Jesus Johnson,christopherjennings@example.com,(424)600-5710x2,"78752 Edward Villages Suite 831, Port Derrick, NE 88360",2024-07-02,True,2026-01-05 15:19:13.325201,users_dataset.csv,2026-01-05
147.0,Mark Cruz,joseph85@example.org,694-268-1926,"538 Brett Flats, Rebeccaton, NY 94432",2023-08-09,True,2026-01-05 15:19:13.325201,users_dataset.csv,2026-01-05
148.0,Linda Martinez,george82@example.com,001-813-425-500,"4329 James Mount Apt. 502, New Peter, NC 15765",2024-09-26,True,2026-01-05 15:19:13.325201,users_dataset.csv,2026-01-05
149.0,Brent Cook,janiceponce@example.com,908.694.3590,"952 Tina Tunnel, North Randyton, AS 07524",2022-03-24,True,2026-01-05 15:19:13.325201,users_dataset.csv,2026-01-05
150.0,Ricky Peterson,fgordon@example.com,+1-622-373-6284,"Unit 8061 Box 2513, DPO AE 59528",2022-08-28,True,2026-01-05 15:19:13.325201,users_dataset.csv,2026-01-05
151.0,Darrell Williams,joseph33@example.com,433.519.9500,"959 Beck Field, Lake Bradshire, KS 17764",2023-06-18,False,2026-01-05 15:19:13.325201,users_dataset.csv,2026-01-05
152.0,Brendan Adkins,gwilliams@example.com,+1-694-920-9535,"883 Mata Corner, Christensenville, CA 74727",2024-09-23,True,2026-01-05 15:19:13.325201,users_dataset.csv,2026-01-05
153.0,Michael Ryan,wabbott@example.net,(785)984-0717,"4346 Sanders Orchard Apt. 473, Victoriatown, MA 26892",2024-09-03,True,2026-01-05 15:19:13.325201,users_dataset.csv,2026-01-05
154.0,Tracy Thompson DDS,,001-734-777-892,"76219 Gregory Harbors, Lake Kimberlyhaven, SD 88430",2024-04-09,True,2026-01-05 15:19:13.325201,users_dataset.csv,2026-01-05
155.0,Kelly Woodward,mcdonaldkathleen@example.org,3226284098,"5103 Brent Hill, East Noahhaven, AL 18447",2023-08-01,False,2026-01-05 15:19:13.325201,users_dataset.csv,2026-01-05
156.0,Johnathan Harris,qroach@example.net,(824)351-1073x2,"485 Vasquez Drive Apt. 183, Joanbury, MO 63514",2022-01-17,True,2026-01-05 15:19:13.325201,users_dataset.csv,2026-01-05
157.0,Megan Alexander,colleenmccarthy@example.net,(517)308-4978x7,"802 Katie Walk, South Thomastown, MS 80369",,True,2026-01-05 15:19:13.325201,users_dataset.csv,2026-01-05
158.0,Christopher Jacobs,christineburns@example.net,+1-276-876-0467,"931 Reed Ford, East Jennifer, GU 76180",2022-01-18,True,2026-01-05 15:19:13.325201,users_dataset.csv,2026-01-05
159.0,Patricia Martinez,bgonzalez@example.com,001-218-449-259,"48152 Zachary Pines Suite 940, Jasonland, WY 14582",2023-04-01,True,2026-01-05 15:19:13.325201,users_dataset.csv,2026-01-05
,Joel Moore,tyler80@example.com,001-352-670-270,"99490 Rachel Extension, Waterstown, TX 42506",2022-10-21,True,2026-01-05 15:19:13.325201,users_dataset.csv,2026-01-05
161.0,Michael Burton,amanda25@example.net,001-396-561-882,"687 Danny Drives, New Catherine, MP 04471",,True,2026-01-05 15:19:13.325201,users_dataset.csv,2026-01-05
162.0,Theresa Stone,jennifer75@example.org,2545383450,"704 Schmidt Fields, Huffmanberg, IL 04165",2022-07-07,True,2026-01-05 15:19:13.325201,users_dataset.csv,2026-01-05
163.0,Kaitlyn Jensen,arielpark@example.net,351.412.7263x75,"0171 Anthony Manors, North Amyport, AZ 81869",2024-05-30,True,2026-01-05 15:19:13.325201,users_dataset.csv,2026-01-05
164.0,Sara Ramirez,brownchristopher@example.net,850-724-8615x39,"74964 Nathaniel Mountains Apt. 005, Dianaview, NJ 27613",2023-05-04,True,2026-01-05 15:19:13.325201,users_dataset.csv,2026-01-05
165.0,Kathleen Roach,sharon62@example.net,908-965-0056,"684 Lisa Dam Suite 775, East Sarah, WI 45446",2023-03-13,True,2026-01-05 15:19:13.325201,users_dataset.csv,2026-01-05
166.0,Victoria Santos,rileyfrederick@example.net,817.703.3957,,2024-03-14,True,2026-01-05 15:19:13.325201,users_dataset.csv,2026-01-05
167.0,Steven Reynolds,murraylaura@example.org,514-443-5995,"3849 Linda Trail, Wilkinsfurt, GU 93360",2023-01-11,True,2026-01-05 15:19:13.325201,users_dataset.csv,2026-01-05
168.0,Jamie Stephens,ryansmith@example.org,305.277.6452,"0017 Howard Villages Suite 865, Kurtview, WV 85701",2023-01-26,True,2026-01-05 15:19:13.325201,users_dataset.csv,2026-01-05
169.0,David Garcia,ewalker@example.org,7066377321,"025 Kathryn Cove, Lake Rachelmouth, VT 87175",2022-03-20,True,2026-01-05 15:19:13.325201,users_dataset.csv,2026-01-05
170.0,Jaclyn Andersen,roberto72@example.com,(515)564-6572x4,"328 Thompson Plain, South Stephanie, AZ 22746",2023-07-02,True,2026-01-05 15:19:13.325201,users_dataset.csv,2026-01-05
171.0,Adam Cobb,malonewalter@example.com,210-940-9079,"93367 Kim Rapids Apt. 300, West Jeffreyton, AK 16566",2022-03-04,True,2026-01-05 15:19:13.325201,users_dataset.csv,2026-01-05
172.0,Rachel White,matthew62@example.net,(407)505-7892,"7770 Thornton Street Apt. 642, Pamelaville, AS 93054",2022-01-26,True,2026-01-05 15:19:13.325201,users_dataset.csv,2026-01-05
173.0,Kathleen Adams,charles97@example.net,(658)794-5141x8,"92707 Marc Prairie Apt. 681, Port Jennifer, PA 68114",,True,2026-01-05 15:19:13.325201,users_dataset.csv,2026-01-05
174.0,Dr. Derek Gray,greerheather@example.org,9506736861,"673 Shepherd Greens, Port Jonathanville, AK 09457",2023-09-19,True,2026-01-05 15:19:13.325201,users_dataset.csv,2026-01-05
175.0,Mary Holt,john27@example.com,820-551-8905x37,"9556 Susan Islands, Lake Samantha, CA 30018",2022-06-21,True,2026-01-05 15:19:13.325201,users_dataset.csv,2026-01-05
176.0,Gregory Wright,lovejessica@example.org,397-403-4155,"87883 Michael Squares Suite 144, South Michael, KY 31983",2024-03-26,True,2026-01-05 15:19:13.325201,users_dataset.csv,2026-01-05
177.0,Nathan Morrow,ttate@example.net,261-646-7613x08,"7206 Hernandez Brook, East Mark, NC 21212",2023-09-25,True,2026-01-05 15:19:13.325201,users_dataset.csv,2026-01-05
178.0,Joseph Thompson,bennettbeth@example.org,+1-812-994-6592,"114 Owens Park Apt. 104, West Charlesshire, TX 76774",2023-03-18,True,2026-01-05 15:19:13.325201,users_dataset.csv,2026-01-05
179.0,Charles Jacobs,sydneylong@example.com,+1-546-460-7080,"5611 Walter Streets Suite 640, Strongmouth, SD 16421",2024-08-05,False,2026-01-05 15:19:13.325201,users_dataset.csv,2026-01-05
180.0,Thomas Perez,andersonchristina@example.net,590.251.6032x22,"0197 Watts Forges, Lake Scottberg, FM 46459",2024-05-23,True,2026-01-05 15:19:13.325201,users_dataset.csv,2026-01-05
181.0,,brandi10@example.org,690.703.1888x35,"007 Alyssa Trail Suite 194, Steventown, CO 84845",2022-11-29,True,2026-01-05 15:19:13.325201,users_dataset.csv,2026-01-05
182.0,Brittany Henry,jamesgray@example.com,(232)397-3399x5,"067 Heidi Street Apt. 226, Chenland, MO 39326",2022-12-18,True,2026-01-05 15:19:13.325201,users_dataset.csv,2026-01-05
183.0,Zachary Whitehead,xrivera@example.com,+1-652-461-0674,"PSC 0799, Box 1870, APO AP 09606",2024-06-14,False,2026-01-05 15:19:13.325201,users_dataset.csv,2026-01-05
184.0,,carterkevin@example.net,6529869318,"PSC 1396, Box 3853, APO AE 78950",2022-08-16,False,2026-01-05 15:19:13.325201,users_dataset.csv,2026-01-05
185.0,Kara Ward,williamferrell@example.org,+1-855-666-6451,"01731 King Union, Jamesborough, VT 19691",2022-04-30,True,2026-01-05 15:19:13.325201,users_dataset.csv,2026-01-05
186.0,Mrs. Desiree Oliver,cheyenne04@example.net,727.644.3684x84,"Unit 2968 Box 5501, DPO AP 88198",2024-05-17,True,2026-01-05 15:19:13.325201,users_dataset.csv,2026-01-05
187.0,Jessica Williams,pricechristopher@example.org,+1-924-299-6008,"2182 Krista Trail Suite 429, South Loritown, OH 94103",2022-04-07,True,2026-01-05 15:19:13.325201,users_dataset.csv,2026-01-05
188.0,Mr. Christopher Mason,charles09@example.org,,"5000 Yoder Gateway, Jeremyview, AR 42330",2023-09-28,True,2026-01-05 15:19:13.325201,users_dataset.csv,2026-01-05
189.0,Tyler Lawson,hbernard@example.org,264-505-3807x27,"8073 Alex Common Suite 225, Lake Tammy, CT 90169",2022-07-03,True,2026-01-05 15:19:13.325201,users_dataset.csv,2026-01-05
190.0,Kimberly Brown,jmitchell@example.org,+1-727-857-6167,"619 Sellers Curve, Rayberg, IA 11064",2022-04-28,True,2026-01-05 15:19:13.325201,users_dataset.csv,2026-01-05
191.0,Kara Cox,michelemitchell@example.com,,"6674 Sean Rue, East Catherinechester, AK 52516",2024-03-19,True,2026-01-05 15:19:13.325201,users_dataset.csv,2026-01-05
192.0,Amanda Pearson,isullivan@example.com,+1-832-228-2508,"1972 Rachel Greens, Port Christine, KS 70339",2022-06-17,False,2026-01-05 15:19:13.325201,users_dataset.csv,2026-01-05
193.0,Tiffany Brown,davidolson@example.org,001-549-379-679,,2024-07-13,False,2026-01-05 15:19:13.325201,users_dataset.csv,2026-01-05
194.0,,benjaminhernandez@example.com,+1-523-906-1234,"97887 Chelsey Expressway, New Ericshire, AR 69657",2022-01-21,True,2026-01-05 15:19:13.325201,users_dataset.csv,2026-01-05
195.0,Kevin Hill,davisterri@example.org,(480)497-0503x3,"6048 Paul Field, Johnnybury, VA 07469",2023-01-07,True,2026-01-05 15:19:13.325201,users_dataset.csv,2026-01-05
196.0,John Walton,walterchan@example.net,(291)879-3689x5,"00320 Michael Crescent, Hardychester, VA 43123",2022-08-13,True,2026-01-05 15:19:13.325201,users_dataset.csv,2026-01-05
197.0,Andrew White,philipmendoza@example.net,001-748-333-128,"358 Cameron View Apt. 299, South Gabrielle, GA 61484",2022-05-31,True,2026-01-05 15:19:13.325201,users_dataset.csv,2026-01-05
,Christine Price,michael65@example.net,(657)259-9059,"9773 Gregory Run, South Williamburgh, NY 99937",2023-11-10,False,2026-01-05 15:19:13.325201,users_dataset.csv,2026-01-05
199.0,,julie98@example.com,+1-271-618-3910,"575 Washington Spring, New Robert, CO 20586",2023-09-06,False,2026-01-05 15:19:13.325201,users_dataset.csv,2026-01-05
200.0,Jose Cole,williamsemily@example.org,+1-568-281-2573,"90834 Andrea Loaf, Lauraport, TX 50924",2022-05-10,True,2026-01-05 15:19:13.325201,users_dataset.csv,2026-01-05
201.0,Tasha Bailey,mckaykayla@example.org,745-805-3209,"66428 Matthew Brooks, Kevinton, FL 06439",2024-06-03,True,2026-01-05 15:19:13.325201,users_dataset.csv,2026-01-05
202.0,Jennifer Perez,ubrown@example.net,+1-455-898-4690,"478 Rebecca Stravenue Suite 985, East Jamesport, GU 12053",2023-09-26,True,2026-01-05 15:19:13.325201,users_dataset.csv,2026-01-05
203.0,Melanie Butler,stacyfreeman@example.net,839-858-5775x62,,2023-11-12,True,2026-01-05 15:19:13.325201,users_dataset.csv,2026-01-05
204.0,,vcarlson@example.org,+1-651-791-3924,"016 Smith Islands Apt. 954, Aaronland, AR 10823",2022-06-11,False,2026-01-05 15:19:13.325201,users_dataset.csv,2026-01-05
205.0,Jason Gould,kingsteven@example.net,+1-412-215-2155,"9275 Edward Row Suite 945, Erinshire, NV 13734",2022-03-18,True,2026-01-05 15:19:13.325201,users_dataset.csv,2026-01-05
206.0,Erica Hernandez,stephaniechoi@example.net,573.438.7905x01,"129 Parker Dam, East Diana, FL 01130",2023-01-20,True,2026-01-05 15:19:13.325201,users_dataset.csv,2026-01-05
207.0,Richard Taylor,joegarcia@example.org,001-838-362-669,"589 Howard Gardens, South Carly, NH 49966",2024-10-23,True,2026-01-05 15:19:13.325201,users_dataset.csv,2026-01-05
208.0,Jennifer Gonzalez,wmann@example.org,655.799.7664x05,"59523 Roberts Square Suite 976, East Brianville, MT 02596",2024-05-04,True,2026-01-05 15:19:13.325201,users_dataset.csv,2026-01-05
209.0,Ronnie Morgan,umendoza@example.net,001-992-689-505,"8443 Conner Union Suite 772, Kellystad, NM 85205",2023-12-24,True,2026-01-05 15:19:13.325201,users_dataset.csv,2026-01-05
210.0,Paul Perry,towen@example.net,+1-242-557-9633,"09570 Alyssa Lights Apt. 518, Garciaborough, WA 65168",2024-08-13,True,2026-01-05 15:19:13.325201,users_dataset.csv,2026-01-05
211.0,Lori Dixon,james58@example.org,+1-442-487-8408,"39188 Angela Shoals, Fitzgeraldborough, SD 05951",2022-04-03,True,2026-01-05 15:19:13.325201,users_dataset.csv,2026-01-05
212.0,Jennifer Gibson,fhall@example.org,(600)407-2702x0,"767 Willie Plaza, Audreyfort, NH 54971",2022-08-22,True,2026-01-05 15:19:13.325201,users_dataset.csv,2026-01-05
213.0,Cynthia Jackson,jessicasparks@example.com,715.351.0414,"855 Andrew Falls Apt. 893, Oliverchester, NC 03131",2022-05-02,True,2026-01-05 15:19:13.325201,users_dataset.csv,2026-01-05
214.0,Kyle Riley,petersdavid@example.org,(316)242-2201x9,"834 Timothy Divide, West Kyle, CO 34293",2022-04-16,True,2026-01-05 15:19:13.325201,users_dataset.csv,2026-01-05
215.0,Kevin Campbell,jeremy28@example.com,001-333-920-631,"243 Navarro Ferry Apt. 396, West Joy, OH 46547",2023-07-28,True,2026-01-05 15:19:13.325201,users_dataset.csv,2026-01-05
216.0,Stephen James,jack04@example.com,,"18927 Christina Parkway Suite 881, Stephenshire, PR 63274",2022-09-14,,2026-01-05 15:19:13.325201,users_dataset.csv,2026-01-05
217.0,Kevin Benson,adampatel@example.org,001-295-968-550,"6258 Brett Track, East Walter, NC 62552",2023-05-04,True,2026-01-05 15:19:13.325201,users_dataset.csv,2026-01-05
218.0,Crystal Reed,billyaguilar@example.net,001-623-413-233,"3053 Soto Via, Lake Krystal, WA 58503",2023-04-25,True,2026-01-05 15:19:13.325201,users_dataset.csv,2026-01-05
219.0,Julie Keller,garciagabriel@example.net,+1-338-905-0058,"596 Smith Inlet, Andrewbury, VI 45754",2022-07-31,True,2026-01-05 15:19:13.325201,users_dataset.csv,2026-01-05
220.0,Laura Walker,joelgonzales@example.net,+1-215-420-0827,"564 Wong Mountains, Port James, DE 85469",2024-08-20,True,2026-01-05 15:19:13.325201,users_dataset.csv,2026-01-05
221.0,William Hansen,robertsthomas@example.org,(495)811-8002x3,"9134 Bennett Manors Apt. 965, Lake Pamelaland, VI 63269",2023-01-30,True,2026-01-05 15:19:13.325201,users_dataset.csv,2026-01-05
222.0,Dr. Olivia Burch,cfuller@example.com,,"2760 Hahn Field Suite 036, Johnborough, IN 12682",2022-10-23,True,2026-01-05 15:19:13.325201,users_dataset.csv,2026-01-05
223.0,Angela Hale,ronald25@example.net,(316)900-0815x5,"86096 Maxwell Wells, Lake Jessicaton, DC 17211",2024-05-06,True,2026-01-05 15:19:13.325201,users_dataset.csv,2026-01-05
224.0,Matthew Burns,smithkristine@example.org,344-325-1585x78,"7156 Taylor Islands, Lake Kimberlymouth, PR 02792",2023-10-26,True,2026-01-05 15:19:13.325201,users_dataset.csv,2026-01-05
225.0,Brittney Hughes,gabriellecollins@example.com,+1-906-200-9530,"729 Cox Parks Apt. 651, North Robertmouth, KY 20364",2024-02-28,True,2026-01-05 15:19:13.325201,users_dataset.csv,2026-01-05
226.0,Julie Clarke,dperry@example.com,3229536342,"830 Shawn Center Apt. 903, Chaneyfurt, OK 16545",2023-09-11,True,2026-01-05 15:19:13.325201,users_dataset.csv,2026-01-05
227.0,Tammy Case,abigail94@example.com,9888147846,"27423 Mark Plains Apt. 673, Escobarmouth, GA 37998",2022-03-10,False,2026-01-05 15:19:13.325201,users_dataset.csv,2026-01-05
228.0,Mr. Lee Sanchez,dean78@example.com,706.898.2055x44,"9866 Dennis Parkway Apt. 741, East Karen, IA 81475",2022-12-24,True,2026-01-05 15:19:13.325201,users_dataset.csv,2026-01-05
229.0,Mitchell Phillips,clarkkevin@example.org,728-574-6091,"295 James Center, Christopherton, NV 01129",2022-09-01,False,2026-01-05 15:19:13.325201,users_dataset.csv,2026-01-05
230.0,Brandon Guzman,ronaldcharles@example.com,(499)306-7012x8,"9411 Noble Creek Suite 721, West Carolview, NC 06289",2022-10-05,True,2026-01-05 15:19:13.325201,users_dataset.csv,2026-01-05
231.0,Logan Wood,brandi99@example.net,+1-955-857-5199,"2870 Lori Road Suite 733, Griffithville, GU 95575",2022-08-25,True,2026-01-05 15:19:13.325201,users_dataset.csv,2026-01-05
232.0,Angela Burton,mlowe@example.org,+1-235-809-2727,"426 Lisa Junctions Suite 891, Port Brian, IA 41865",2022-05-11,True,2026-01-05 15:19:13.325201,users_dataset.csv,2026-01-05
,Theresa Sweeney,colemancory@example.com,594.581.7210x17,"61803 Thomas Terrace Suite 362, Richardsonhaven, ND 23169",,True,2026-01-05 15:19:13.325201,users_dataset.csv,2026-01-05
234.0,Aaron Miles,deborahsmith@example.com,001-811-976-334,"921 Shane Mills Suite 295, Bradleyfort, MD 78798",2024-07-11,True,2026-01-05 15:19:13.325201,users_dataset.csv,2026-01-05
235.0,Jennifer Thomas,john28@example.org,+1-958-662-2178,"USNS Anderson, FPO AA 62051",2022-04-24,True,2026-01-05 15:19:13.325201,users_dataset.csv,2026-01-05
236.0,Tyrone Stanton,lindafox@example.net,001-886-798-425,"1437 Duarte Pine, South Sandra, ME 87526",2023-12-29,,2026-01-05 15:19:13.325201,users_dataset.csv,2026-01-05
237.0,Melissa Coleman,rodney28@example.org,001-705-712-928,"1997 Diaz Mountain Apt. 951, Virginiaton, AS 71018",2023-11-08,True,2026-01-05 15:19:13.325201,users_dataset.csv,2026-01-05
238.0,Ann Moses,donnagreen@example.net,001-987-301-992,"Unit 7062 Box 5275, DPO AA 98503",2023-05-23,True,2026-01-05 15:19:13.325201,users_dataset.csv,2026-01-05
239.0,Herbert King,crystalthomas@example.org,(354)294-5693x5,"17636 Lewis Gardens Suite 735, South Krista, GU 16864",2024-02-08,True,2026-01-05 15:19:13.325201,users_dataset.csv,2026-01-05
240.0,Emily Lewis,marshlisa@example.net,763-657-8146x46,"9021 Anthony Glens Apt. 742, Thomasmouth, DC 31151",2022-08-13,True,2026-01-05 15:19:13.325201,users_dataset.csv,2026-01-05
241.0,William Guerrero,david67@example.org,291-814-6950,"942 Benjamin Vista Suite 054, Port Jonathantown, FM 97817",2022-09-06,False,2026-01-05 15:19:13.325201,users_dataset.csv,2026-01-05
242.0,Amy Thompson,hbrown@example.com,001-819-408-565,"94330 Angela Circle Suite 662, New Kendra, WV 69002",2024-09-15,False,2026-01-05 15:19:13.325201,users_dataset.csv,2026-01-05
243.0,Lori Kelly,chelsea27@example.net,630.551.7088,"6620 Smith Avenue, North Yvonnefurt, MI 53487",2022-07-12,False,2026-01-05 15:19:13.325201,users_dataset.csv,2026-01-05
244.0,Beth Collins,ybrady@example.com,444-716-2544,"PSC 6233, Box 8902, APO AP 19008",2023-08-31,True,2026-01-05 15:19:13.325201,users_dataset.csv,2026-01-05
245.0,Jeffrey Wilson,thomastaylor@example.net,648.557.3087,"55116 Brittany Well Apt. 599, Laurenhaven, WY 33773",2024-08-10,True,2026-01-05 15:19:13.325201,users_dataset.csv,2026-01-05
246.0,Terrence Harper,xhernandez@example.net,558-665-9842x87,"387 Gary Rue Suite 122, Michaelton, OH 29494",2022-12-11,False,2026-01-05 15:19:13.325201,users_dataset.csv,2026-01-05
247.0,Amy Smith,smithjennifer@example.org,777.841.1534x76,"1799 Tina Trail, Port Susanside, AL 19476",2022-06-09,,2026-01-05 15:19:13.325201,users_dataset.csv,2026-01-05
,Craig Thomas,jamesdavis@example.com,+1-661-274-3800,"36398 Allen Square Apt. 795, Foleyport, MT 60969",2022-02-07,False,2026-01-05 15:19:13.325201,users_dataset.csv,2026-01-05
249.0,Ana Dunn DDS,qerickson@example.com,(933)535-4005,"Unit 1097 Box 8073, DPO AE 68139",2023-06-18,False,2026-01-05 15:19:13.325201,users_dataset.csv,2026-01-05
250.0,Nicholas Haynes,tiffany74@example.net,9024030085,"43431 Cannon Village Apt. 237, Brownshire, IL 21534",2023-05-31,False,2026-01-05 15:19:13.325201,users_dataset.csv,2026-01-05
251.0,Tina Pearson,john24@example.com,946-444-6779x11,"90509 Davis Isle, Coltonview, HI 60568",2022-04-29,True,2026-01-05 15:19:13.325201,users_dataset.csv,2026-01-05
252.0,Brittany Gentry,sarah98@example.org,264-815-9126x62,"619 David Stravenue, Port Caitlin, DE 20546",2022-08-13,True,2026-01-05 15:19:13.325201,users_dataset.csv,2026-01-05
253.0,Leonard Wood,chelsea89@example.com,(720)457-4542,"848 Fowler Shoal, South Elizabethburgh, WV 47771",2023-02-12,False,2026-01-05 15:19:13.325201,users_dataset.csv,2026-01-05
254.0,Sean Simmons,slee@example.net,(988)782-8513x8,"Unit 6767 Box 1297, DPO AP 47274",2022-11-14,True,2026-01-05 15:19:13.325201,users_dataset.csv,2026-01-05
255.0,Kevin Baker,jesseholt@example.org,001-302-908-514,"305 Hinton Spur Apt. 456, Dorseymouth, ME 98876",2024-02-12,True,2026-01-05 15:19:13.325201,users_dataset.csv,2026-01-05
256.0,Joe Calhoun,rwilliams@example.net,001-981-911-125,"200 Chung Orchard Suite 897, Port Amyberg, MP 75425",2024-09-12,True,2026-01-05 15:19:13.325201,users_dataset.csv,2026-01-05
257.0,Brandon Brown,acostapatricia@example.com,702-247-5100,"607 Amy Mission Suite 297, Andreaside, IN 92391",2024-07-17,False,2026-01-05 15:19:13.325201,users_dataset.csv,2026-01-05
258.0,Keith Harrell,obuckley@example.net,+1-847-545-4336,"905 Hall Loaf Apt. 623, Andreafurt, UT 75518",2022-05-07,,2026-01-05 15:19:13.325201,users_dataset.csv,2026-01-05
259.0,Pamela David,loritapia@example.net,+1-642-944-3759,"2831 Stephanie Key, Haneyville, NM 75434",2024-10-11,True,2026-01-05 15:19:13.325201,users_dataset.csv,2026-01-05
260.0,Emily Kennedy,lorrainerobinson@example.net,478.363.4063x35,"17207 Kathryn Mission, Port Janice, AZ 81558",2022-11-23,True,2026-01-05 15:19:13.325201,users_dataset.csv,2026-01-05
261.0,Thomas Clark,qwilcox@example.org,(883)539-4723x3,"07107 Elizabeth Views Apt. 861, Summerstad, ID 86344",2022-03-07,True,2026-01-05 15:19:13.325201,users_dataset.csv,2026-01-05
262.0,Jeffrey Snyder,larryjenkins@example.org,(388)669-4643,"USNV Vaughn, FPO AP 38925",2024-10-11,False,2026-01-05 15:19:13.325201,users_dataset.csv,2026-01-05
263.0,Elizabeth James,,267.929.2817x11,"617 Jonathan Center Suite 701, North Jesus, GA 48456",2022-08-08,True,2026-01-05 15:19:13.325201,users_dataset.csv,2026-01-05
264.0,Richard Williams,eholland@example.com,3583236040,"91150 David Inlet, South Jim, RI 91602",2022-03-09,True,2026-01-05 15:19:13.325201,users_dataset.csv,2026-01-05
265.0,Stephanie Hardin,megansmith@example.net,464.721.4778x34,"577 Nelson Club Apt. 907, New John, AR 26163",2024-09-16,False,2026-01-05 15:19:13.325201,users_dataset.csv,2026-01-05
266.0,Peter Green,vincentwolf@example.com,575-887-9965,"49960 Christine Roads Suite 889, Castrofort, UT 49374",2024-09-30,True,2026-01-05 15:19:13.325201,users_dataset.csv,2026-01-05
267.0,Melissa Williams,abigailgibson@example.com,5834048393,"112 Rodriguez Junction Suite 613, Carrhaven, NV 77768",2023-11-01,True,2026-01-05 15:19:13.325201,users_dataset.csv,2026-01-05
268.0,Patricia Bradley,danielmartinez@example.net,979-989-2885,"97355 Julia Summit Suite 284, Mariaburgh, WV 82780",2024-08-26,True,2026-01-05 15:19:13.325201,users_dataset.csv,2026-01-05
269.0,Natasha Nelson,jeffrey20@example.org,657.919.3233,"250 Mitchell Prairie Apt. 661, Rodneystad, MA 89790",2023-07-15,True,2026-01-05 15:19:13.325201,users_dataset.csv,2026-01-05
270.0,Chad Gibson,wmann@example.org,(752)504-0846x9,"Unit 7812 Box 4791, DPO AA 76833",2022-01-20,True,2026-01-05 15:19:13.325201,users_dataset.csv,2026-01-05
271.0,Ryan Maldonado PhD,abigailpadilla@example.net,(869)431-0679,"7860 Sharon Cape Suite 935, Roberthaven, KY 47090",2022-11-28,True,2026-01-05 15:19:13.325201,users_dataset.csv,2026-01-05
272.0,Jason Johnson,brenda82@example.org,928-201-2137,"095 Horn Summit Suite 137, Fergusonside, MO 54211",2024-05-18,True,2026-01-05 15:19:13.325201,users_dataset.csv,2026-01-05
273.0,Margaret Huynh,monteselizabeth@example.net,765.966.2762x12,"863 Olson Bridge Suite 448, Hendersonstad, PA 65640",2023-04-08,False,2026-01-05 15:19:13.325201,users_dataset.csv,2026-01-05
274.0,Rebecca Montoya,glenda92@example.net,590-249-2423x44,"28882 Smith Crest, Jamestown, IA 84803",2023-08-18,False,2026-01-05 15:19:13.325201,users_dataset.csv,2026-01-05
275.0,Rachel Evans,amyhale@example.com,+1-762-995-2206,"392 Mendoza Center Apt. 182, Sabrinashire, ID 45505",2022-08-22,True,2026-01-05 15:19:13.325201,users_dataset.csv,2026-01-05
276.0,Cheryl Munoz,,800.229.2660,"83538 Geoffrey Center, Daniellebury, LA 40429",2023-03-21,True,2026-01-05 15:19:13.325201,users_dataset.csv,2026-01-05
277.0,Rebecca Reilly,jamesdavis@example.net,989-924-7382,"382 John Hills, Blairfurt, PR 49957",2022-04-15,True,2026-01-05 15:19:13.325201,users_dataset.csv,2026-01-05
278.0,Calvin Richardson,krandall@example.com,+1-633-440-0208,"6685 Nicholas Throughway, New Teresashire, VT 12913",2022-04-27,True,2026-01-05 15:19:13.325201,users_dataset.csv,2026-01-05
279.0,Jennifer Knight,zking@example.org,313-722-3344x19,"USNV Martinez, FPO AP 10899",,True,2026-01-05 15:19:13.325201,users_dataset.csv,2026-01-05
280.0,Richard Dominguez,ghays@example.org,001-971-338-846,"55527 Garcia Court, South Joshua, CO 30500",2022-02-21,True,2026-01-05 15:19:13.325201,users_dataset.csv,2026-01-05
281.0,Jack Martinez,larsonjames@example.net,687.956.5486,"8829 Joshua Loop Suite 318, Moorestad, TX 76300",2023-11-22,False,2026-01-05 15:19:13.325201,users_dataset.csv,2026-01-05
,Kevin Craig,gregorysmith@example.com,+1-778-911-8607,"79910 Alexander Mountains, West Samuel, MN 15467",2024-01-03,True,2026-01-05 15:19:13.325201,users_dataset.csv,2026-01-05
283.0,Melinda Arnold,russell33@example.org,823-694-5550,"363 Scott Wall, Serranostad, AK 50102",2023-03-16,True,2026-01-05 15:19:13.325201,users_dataset.csv,2026-01-05
284.0,David Larson,,843-755-1581x43,"09472 Daniel Roads Suite 696, Kathrynville, AS 54797",2024-10-22,True,2026-01-05 15:19:13.325201,users_dataset.csv,2026-01-05
285.0,Amy Franco DVM,ghansen@example.org,961.577.8317x20,"Unit 8464 Box 5803, DPO AP 50540",2022-09-02,True,2026-01-05 15:19:13.325201,users_dataset.csv,2026-01-05
286.0,,,(365)500-6170x9,"6503 Brandon Hills Suite 424, East Johnville, SC 84794",2024-08-24,True,2026-01-05 15:19:13.325201,users_dataset.csv,2026-01-05
287.0,Margaret Martinez,pamela07@example.org,(904)494-0302,"9102 Walker Prairie, Port Shawnstad, CO 01027",2023-01-16,True,2026-01-05 15:19:13.325201,users_dataset.csv,2026-01-05
288.0,,clarktravis@example.org,497-305-3263x44,"84753 Travis Knolls, New Charlesburgh, UT 93490",2023-05-20,True,2026-01-05 15:19:13.325201,users_dataset.csv,2026-01-05
289.0,Kristen Gamble,mhunt@example.org,,"1917 White Stream, Port James, TN 46256",2022-08-18,True,2026-01-05 15:19:13.325201,users_dataset.csv,2026-01-05
290.0,,stanleymatthew@example.net,(348)498-1254,"305 Elizabeth Bridge Suite 173, Robertview, HI 90140",2024-06-15,True,2026-01-05 15:19:13.325201,users_dataset.csv,2026-01-05
291.0,James Miller,karen34@example.org,(642)566-8781,"34294 Raymond Parks Suite 934, Lake Amandamouth, LA 08886",2023-10-05,True,2026-01-05 15:19:13.325201,users_dataset.csv,2026-01-05
292.0,Paul Parker,waltoncory@example.net,(490)433-0261x0,"68466 Daniel Fords Suite 830, Janetland, TN 84643",2023-08-25,True,2026-01-05 15:19:13.325201,users_dataset.csv,2026-01-05
293.0,Sarah Martin,brownemily@example.net,001-216-966-556,"1084 Mccoy Mews, New Jason, OR 99078",2024-01-08,True,2026-01-05 15:19:13.325201,users_dataset.csv,2026-01-05
294.0,Nicole Bennett,toddpaul@example.com,001-719-975-695,"707 Thompson Prairie, North Danielstad, NM 14059",2024-08-11,True,2026-01-05 15:19:13.325201,users_dataset.csv,2026-01-05
295.0,Kayla Owen,copelandjohn@example.com,001-531-244-558,"943 Mary Locks Apt. 303, Mcphersonshire, MI 09670",2022-05-12,True,2026-01-05 15:19:13.325201,users_dataset.csv,2026-01-05
296.0,Mark Rocha,nyoder@example.org,867.632.2617,"8834 Garcia Forges, Lake Markstad, NM 03877",2022-08-19,True,2026-01-05 15:19:13.325201,users_dataset.csv,2026-01-05
297.0,Alyssa Brady,martinezdaniel@example.net,(770)236-2800x8,"064 Kelly Station Apt. 938, Frankberg, CT 56536",2023-01-23,True,2026-01-05 15:19:13.325201,users_dataset.csv,2026-01-05
298.0,Jill Horne,martinezkathy@example.com,302.518.8388x94,"46395 Wolfe Shoal Suite 761, Hurststad, IN 32463",2022-09-28,True,2026-01-05 15:19:13.325201,users_dataset.csv,2026-01-05
299.0,Margaret Zamora,lecarl@example.net,439-679-7555x76,"1478 Joseph Spurs Apt. 485, Matthewbury, NM 99590",2023-10-22,True,2026-01-05 15:19:13.325201,users_dataset.csv,2026-01-05
300.0,Laura Mathis,nataliewood@example.org,001-725-702-465,"738 Mathis Court Suite 114, Lindastad, GU 92579",2022-08-29,True,2026-01-05 15:19:13.325201,users_dataset.csv,2026-01-05
301.0,Wendy Davis,tiffany03@example.net,+1-364-415-7210,"905 Nelson Circles, Thomashaven, RI 94107",2023-08-04,True,2026-01-05 15:19:13.325201,users_dataset.csv,2026-01-05
302.0,Nancy Park,judith96@example.org,(654)620-9992x6,"6211 Darryl Light, Lake Zachary, GU 53838",2023-02-22,True,2026-01-05 15:19:13.325201,users_dataset.csv,2026-01-05
,Karen Waters,penny23@example.net,902-911-6420,"3010 Hill Inlet Apt. 346, Patriciaport, PR 78958",2022-11-24,,2026-01-05 15:19:13.325201,users_dataset.csv,2026-01-05
304.0,Brendan Young,mcbridejason@example.com,(441)886-2936x5,"87208 Jose Tunnel Apt. 942, Codystad, IA 92584",2022-11-05,True,2026-01-05 15:19:13.325201,users_dataset.csv,2026-01-05
305.0,Renee Salazar,johnsonadrian@example.com,001-587-963-167,"70843 Courtney Throughway, North Joannaland, NC 96120",2024-10-19,True,2026-01-05 15:19:13.325201,users_dataset.csv,2026-01-05
306.0,Matthew Cook,victoria65@example.org,(664)202-5539,"358 Elijah Manors Suite 796, Bentonstad, IL 24054",2024-01-12,False,2026-01-05 15:19:13.325201,users_dataset.csv,2026-01-05
307.0,Kevin Garrison,mgoodman@example.com,(896)752-6862x5,"2748 Sarah Glens, Port Jamesport, LA 97419",2024-05-22,True,2026-01-05 15:19:13.325201,users_dataset.csv,2026-01-05
308.0,Briana Moss,hammondbrittany@example.net,794-203-3905x47,"USS Wallace, FPO AA 94194",2023-07-14,True,2026-01-05 15:19:13.325201,users_dataset.csv,2026-01-05
309.0,Gabriel King,evan99@example.net,+1-599-997-8970,"522 Kayla Manor, Bartlettstad, TX 72593",2023-03-23,True,2026-01-05 15:19:13.325201,users_dataset.csv,2026-01-05
310.0,Mrs. Emily Anderson,carol58@example.net,001-810-826-241,"266 Charles Harbor Suite 139, Brockmouth, AS 79993",2023-02-23,,2026-01-05 15:19:13.325201,users_dataset.csv,2026-01-05
311.0,Kenneth Hall,annettethompson@example.net,(256)234-8644,"3034 Jefferson Harbors, Jesseview, VA 49413",2024-10-05,True,2026-01-05 15:19:13.325201,users_dataset.csv,2026-01-05
312.0,Brandon Scott,michelle32@example.net,787-403-4310x43,"972 Adams Summit Apt. 896, Connieland, LA 11279",2022-02-03,True,2026-01-05 15:19:13.325201,users_dataset.csv,2026-01-05
313.0,Nicholas Small,bookerjay@example.net,(614)608-9826x3,"3202 Beasley Forges, New Ianland, AR 26747",2022-03-21,True,2026-01-05 15:19:13.325201,users_dataset.csv,2026-01-05
314.0,Denise Browning,ostevenson@example.com,717.437.0936,"3346 Thomas Crossroad, New Tammy, TX 80842",2023-07-18,False,2026-01-05 15:19:13.325201,users_dataset.csv,2026-01-05
315.0,Jose Hawkins,amyhess@example.net,718.991.5536,"8054 Wesley Summit, Karenville, CO 67332",2023-08-28,True,2026-01-05 15:19:13.325201,users_dataset.csv,2026-01-05
316.0,Ryan Johnson,xdavis@example.net,247-770-3766x48,"29404 Mack Alley, Port Vickiview, GU 63914",2023-03-08,True,2026-01-05 15:19:13.325201,users_dataset.csv,2026-01-05
317.0,Ruth Campbell,tranemily@example.net,(418)415-6366,"824 Elizabeth Pass, Wilkinsshire, IN 59629",2024-06-11,True,2026-01-05 15:19:13.325201,users_dataset.csv,2026-01-05
,Ms. Brianna Wolf,murillorichard@example.com,+1-843-785-6805,"Unit 8201 Box 1128, DPO AE 94824",2023-05-28,True,2026-01-05 15:19:13.325201,users_dataset.csv,2026-01-05
319.0,Christine Clark,catherinegordon@example.com,293.504.5733x14,"0402 Rush Flats, New Nicholas, OK 77929",2022-05-30,True,2026-01-05 15:19:13.325201,users_dataset.csv,2026-01-05
320.0,Linda Mays,jjones@example.com,6492590640,"4344 Michael Viaduct, New Erinton, AR 74808",2023-05-06,True,2026-01-05 15:19:13.325201,users_dataset.csv,2026-01-05
321.0,Belinda Mitchell,clarkmichelle@example.net,960-364-3135,"543 Parks Trace, West Lisa, GU 95485",2023-08-16,True,2026-01-05 15:19:13.325201,users_dataset.csv,2026-01-05
322.0,Rebecca Carney MD,kimberly45@example.org,722-366-0660x51,"299 Fernando Fork Apt. 107, East Cristian, DE 60796",2022-08-20,True,2026-01-05 15:19:13.325201,users_dataset.csv,2026-01-05
323.0,Dana Thompson,steven10@example.com,(573)903-3021,"8634 Molina Ranch Suite 411, East Anthonyberg, VT 13621",2022-05-12,True,2026-01-05 15:19:13.325201,users_dataset.csv,2026-01-05
324.0,Cynthia Morgan,aaronhamilton@example.net,666.589.7642x86,"2855 Thomas Square Apt. 056, Port Jasonville, WI 04540",2023-02-21,True,2026-01-05 15:19:13.325201,users_dataset.csv,2026-01-05
325.0,Victoria Green,melissaphillips@example.com,387-264-4653,"44230 Flores Plain, Singletonmouth, MH 49526",2022-01-29,False,2026-01-05 15:19:13.325201,users_dataset.csv,2026-01-05
326.0,Rodney Williams,,(227)459-3924,,2022-02-13,True,2026-01-05 15:19:13.325201,users_dataset.csv,2026-01-05
327.0,Richard Little,matthewmcclure@example.org,827.468.0576,"PSC 5518, Box 8681, APO AP 92917",2023-06-16,True,2026-01-05 15:19:13.325201,users_dataset.csv,2026-01-05
328.0,Hannah Holland,ghernandez@example.com,391-748-1548x79,"0620 Turner Plain, West Michaelmouth, MP 82734",2023-01-07,True,2026-01-05 15:19:13.325201,users_dataset.csv,2026-01-05
329.0,Marie Moore,ppayne@example.com,613.693.6223,"55330 Tyler Wall Apt. 761, Lake Jaimeview, VI 00657",2022-11-07,True,2026-01-05 15:19:13.325201,users_dataset.csv,2026-01-05
330.0,Duane Harris,qbrown@example.com,7086804742,"83190 Michelle Manor Suite 929, West Travishaven, AS 28238",2023-02-01,True,2026-01-05 15:19:13.325201,users_dataset.csv,2026-01-05
331.0,Brandi Jones,simpsonjulian@example.net,9288450538,"67290 Antonio Mills Suite 804, South Kim, NM 15241",2022-09-06,True,2026-01-05 15:19:13.325201,users_dataset.csv,2026-01-05
332.0,Michael Bell,annhampton@example.net,6003396238,"112 Jessica Point, North Rachel, PW 61568",2023-01-16,True,2026-01-05 15:19:13.325201,users_dataset.csv,2026-01-05
333.0,Jennifer Fox,hallmonica@example.org,(212)788-4200x8,"78262 Todd Fords, Lake Melissamouth, NM 07713",2022-12-04,True,2026-01-05 15:19:13.325201,users_dataset.csv,2026-01-05
334.0,Diane Lam,theresa35@example.net,9032247458,"1981 Russell View, Whiteview, CT 58750",2022-02-05,True,2026-01-05 15:19:13.325201,users_dataset.csv,2026-01-05
335.0,Thomas Anderson,kleinpaul@example.org,3875543663,"199 Fox Cove, South Markport, IL 57876",2023-04-04,True,2026-01-05 15:19:13.325201,users_dataset.csv,2026-01-05
336.0,Justin Johnson,tara43@example.net,600.535.5495x84,"1145 Williams Freeway Suite 788, Garciachester, OH 91254",2024-04-27,True,2026-01-05 15:19:13.325201,users_dataset.csv,2026-01-05
337.0,Brianna Strong,jared35@example.org,873.996.5040,"657 Chavez Gateway, East Jamiemouth, ND 90422",2022-12-08,False,2026-01-05 15:19:13.325201,users_dataset.csv,2026-01-05
338.0,Zoe Carr,ianwatson@example.net,+1-638-293-6246,"8175 Lisa Hills Apt. 165, Susanside, NY 11722",2022-08-29,True,2026-01-05 15:19:13.325201,users_dataset.csv,2026-01-05
339.0,Jeffrey Singleton,bentleypeter@example.com,+1-772-960-9441,"58944 Jones Mountain, South Jennifershire, NH 95846",2024-10-06,True,2026-01-05 15:19:13.325201,users_dataset.csv,2026-01-05
340.0,Joseph Roth,nphillips@example.net,(561)402-7758x9,"0209 Rose Knoll Apt. 948, North Jacob, WY 46162",2022-10-24,True,2026-01-05 15:19:13.325201,users_dataset.csv,2026-01-05
341.0,Danielle Lewis,mstafford@example.com,+1-234-494-9531,"859 Austin Corner, West Michael, ME 73912",2022-09-08,True,2026-01-05 15:19:13.325201,users_dataset.csv,2026-01-05
342.0,Edward Rogers,agarcia@example.com,001-915-657-823,"616 Walter Lane, Davisfort, ND 35965",2024-04-08,True,2026-01-05 15:19:13.325201,users_dataset.csv,2026-01-05
343.0,Lawrence Garcia,nwood@example.org,(928)397-7409,"948 Taylor Centers, Lake Mike, GA 32253",,True,2026-01-05 15:19:13.325201,users_dataset.csv,2026-01-05
344.0,Brian Hurley,ybell@example.net,639-972-2360x93,"5240 Coleman Ports Apt. 339, North Nicole, VT 61404",2024-07-04,True,2026-01-05 15:19:13.325201,users_dataset.csv,2026-01-05
345.0,Andrew Newton,ojones@example.net,(396)698-1956x4,"222 Mcclain Meadow Apt. 444, East Cathy, RI 09105",2022-04-23,True,2026-01-05 15:19:13.325201,users_dataset.csv,2026-01-05
346.0,Joseph Martinez,marthabell@example.org,+1-402-464-2034,"996 Buchanan Springs Suite 652, Patriciachester, NJ 91618",2022-11-24,True,2026-01-05 15:19:13.325201,users_dataset.csv,2026-01-05
347.0,Marcus Duffy,arroyokaren@example.net,+1-562-659-3133,"24256 Chung Summit, Mathewsbury, NY 06118",2022-05-10,True,2026-01-05 15:19:13.325201,users_dataset.csv,2026-01-05
348.0,Karen Horn,gsanchez@example.net,001-740-874-875,"165 Michael Common Apt. 339, South Amandaview, MT 75406",2023-12-10,True,2026-01-05 15:19:13.325201,users_dataset.csv,2026-01-05
349.0,Kirk Taylor,carlamontgomery@example.com,730-633-2613,"76324 Christine Freeway, Brownland, MI 45269",2024-10-28,True,2026-01-05 15:19:13.325201,users_dataset.csv,2026-01-05
350.0,Amy Mcdaniel,gordondwayne@example.com,001-963-867-904,"36089 Henry Spurs, Jenniferhaven, AL 22684",2022-09-18,True,2026-01-05 15:19:13.325201,users_dataset.csv,2026-01-05
351.0,Kevin Clark,micheal60@example.com,392.899.4744,"591 Sarah Junctions Apt. 194, Clarkshire, NJ 08807",2023-01-05,True,2026-01-05 15:19:13.325201,users_dataset.csv,2026-01-05
352.0,Billy Lane,denniswilson@example.com,8245938560,"PSC 2777, Box 4608, APO AA 32298",2022-06-21,False,2026-01-05 15:19:13.325201,users_dataset.csv,2026-01-05
353.0,Travis Wright,kirstencastro@example.net,+1-229-309-8773,"6071 Glover Light, Port Randy, MS 07757",2023-03-10,True,2026-01-05 15:19:13.325201,users_dataset.csv,2026-01-05
354.0,Jessica Ortiz,brianrowland@example.com,+1-379-341-5141,"59102 Joseph Tunnel, New Steven, KY 95755",2022-07-26,True,2026-01-05 15:19:13.325201,users_dataset.csv,2026-01-05
355.0,Emily Wheeler,garciadiana@example.net,001-879-374-474,"373 Richard Crossing, West Frankfort, RI 80688",2022-04-12,True,2026-01-05 15:19:13.325201,users_dataset.csv,2026-01-05
356.0,Jill Ramos,barbaragibson@example.com,799-614-6530x80,"21364 Amy Throughway Suite 318, Yatesborough, MN 73000",2024-04-21,True,2026-01-05 15:19:13.325201,users_dataset.csv,2026-01-05
357.0,Jaime Powell,ortizshane@example.net,(331)339-2604x6,"271 Rose Common, New Shannon, AZ 11651",2023-12-17,True,2026-01-05 15:19:13.325201,users_dataset.csv,2026-01-05
358.0,Matthew Wolf,coopervincent@example.org,(219)706-5845,"387 Maria Key, Michaelside, NY 51204",2024-09-07,True,2026-01-05 15:19:13.325201,users_dataset.csv,2026-01-05
359.0,Matthew Cook,stephen21@example.com,+1-870-505-1543,"131 Amanda Fork Suite 471, Clarkburgh, UT 43652",2022-10-10,False,2026-01-05 15:19:13.325201,users_dataset.csv,2026-01-05
360.0,Ashley Figueroa,veronicawong@example.com,+1-902-870-9357,"PSC 2422, Box 6768, APO AP 77312",2023-12-29,,2026-01-05 15:19:13.325201,users_dataset.csv,2026-01-05
361.0,Patrick Smith,michaelgibson@example.com,001-296-443-336,"7780 Stephen Road Apt. 689, Huntermouth, CT 58588",2024-06-28,True,2026-01-05 15:19:13.325201,users_dataset.csv,2026-01-05
362.0,Bruce Matthews,taylor34@example.net,862-537-4812x14,"810 Gonzalez Trail, Welchhaven, AK 20701",2024-01-30,,2026-01-05 15:19:13.325201,users_dataset.csv,2026-01-05
363.0,Danielle Larson,paul49@example.org,8142217251,"94036 Bianca Coves Suite 038, Lake Jenniferton, FM 89268",2022-09-02,True,2026-01-05 15:19:13.325201,users_dataset.csv,2026-01-05
364.0,Emily Brewer,joshuareyes@example.com,(587)900-8526,"909 Smith Via, Stevenland, KY 59316",2023-01-26,True,2026-01-05 15:19:13.325201,users_dataset.csv,2026-01-05
365.0,Jessica Coleman,james53@example.org,,"Unit 1065 Box 1820, DPO AE 18156",2024-09-06,False,2026-01-05 15:19:13.325201,users_dataset.csv,2026-01-05
366.0,Jason Bryant,lisaryan@example.org,001-272-470-890,"55613 Cruz Forks, Timothyfurt, WY 70585",2022-01-18,True,2026-01-05 15:19:13.325201,users_dataset.csv,2026-01-05
367.0,Chad Lee,sarah89@example.net,(215)501-9463x4,"USS Ponce, FPO AP 40596",2022-03-09,False,2026-01-05 15:19:13.325201,users_dataset.csv,2026-01-05
368.0,Dr. Jacob Yates,mark04@example.org,001-211-683-617,"2177 Benjamin Burgs, East Joseland, PA 05537",2022-01-12,False,2026-01-05 15:19:13.325201,users_dataset.csv,2026-01-05
369.0,Melody Harris,nyoung@example.net,,"9974 Jose Mission, Helenchester, CA 91320",2024-07-07,True,2026-01-05 15:19:13.325201,users_dataset.csv,2026-01-05
,David Odonnell,staceychapman@example.org,(378)256-9864x9,"115 Mendez Expressway Apt. 342, South Randyland, VT 05548",2023-08-06,True,2026-01-05 15:19:13.325201,users_dataset.csv,2026-01-05
371.0,Curtis Burns,christian85@example.com,675-690-1021,"2126 Smith Spring, Brendamouth, PW 77291",2023-06-06,True,2026-01-05 15:19:13.325201,users_dataset.csv,2026-01-05
372.0,Amber Craig,dcontreras@example.net,914.852.1378x05,"343 Brianna Branch, East Joseph, OR 94321",2023-04-05,True,2026-01-05 15:19:13.325201,users_dataset.csv,2026-01-05
,Wanda Hansen,cknight@example.com,001-980-513-525,"18300 Shannon Views, Smithbury, FM 97892",2022-11-27,True,2026-01-05 15:19:13.325201,users_dataset.csv,2026-01-05
374.0,Jeffrey Moore,lee11@example.net,+1-464-588-2036,,2022-11-09,True,2026-01-05 15:19:13.325201,users_dataset.csv,2026-01-05
375.0,Maria Logan,zacharyperez@example.org,594-376-6862x79,"7520 Harmon Key, Hoopermouth, FM 14296",2022-01-04,True,2026-01-05 15:19:13.325201,users_dataset.csv,2026-01-05
376.0,Jennifer Woodard,alexis02@example.net,+1-839-995-5354,"42942 Debbie Mission Apt. 717, Louisfort, NC 37908",2024-04-12,True,2026-01-05 15:19:13.325201,users_dataset.csv,2026-01-05
377.0,Christian Gonzales,diamondwade@example.net,(454)525-3509x4,,2023-11-20,True,2026-01-05 15:19:13.325201,users_dataset.csv,2026-01-05
378.0,Kelly Harvey,sarah35@example.net,001-569-765-778,"2954 Gray Freeway, Amandaland, HI 46310",2024-04-19,True,2026-01-05 15:19:13.325201,users_dataset.csv,2026-01-05
379.0,Mrs. Carolyn Walton,debbie24@example.org,902-509-9160,"4899 Walls Locks Suite 573, New Michelle, AK 14589",2022-04-11,True,2026-01-05 15:19:13.325201,users_dataset.csv,2026-01-05
380.0,Jeffrey Dillon,francisbrandon@example.com,470.333.0440,"238 Johnson Drives, Cherylside, MI 17975",2024-06-15,True,2026-01-05 15:19:13.325201,users_dataset.csv,2026-01-05
381.0,Tyler Peters,pbrandt@example.net,001-939-427-041,"90804 William Junction, Port Zacharyhaven, DC 67974",2023-02-11,True,2026-01-05 15:19:13.325201,users_dataset.csv,2026-01-05
382.0,Javier Rodriguez,haydenbentley@example.net,3849449257,"PSC 1447, Box 1452, APO AA 29534",2022-06-27,True,2026-01-05 15:19:13.325201,users_dataset.csv,2026-01-05
383.0,Jeffrey Moreno,devinbates@example.com,001-214-436-300,"12601 Marks Fields, Maryfurt, SC 26532",2022-04-10,True,2026-01-05 15:19:13.325201,users_dataset.csv,2026-01-05
384.0,Kevin Chandler,anita46@example.com,+1-879-630-4052,"3684 Stark Heights, Thomasport, TN 78930",2023-09-11,False,2026-01-05 15:19:13.325201,users_dataset.csv,2026-01-05
385.0,Mr. Adam Smith,caleb45@example.net,,"7258 Michael Field, New Anna, ID 46981",2024-09-04,True,2026-01-05 15:19:13.325201,users_dataset.csv,2026-01-05
386.0,Sarah Johnson,awilliams@example.net,833.756.6719,"98922 Roy Forges, South John, NC 29700",2023-11-07,True,2026-01-05 15:19:13.325201,users_dataset.csv,2026-01-05
387.0,Jenna Blake,ilee@example.com,219-640-1449x87,"22745 Wiley Pines Apt. 115, Vincentburgh, DC 62527",2024-10-28,True,2026-01-05 15:19:13.325201,users_dataset.csv,2026-01-05
388.0,Tiffany Hoover,russelllaura@example.net,(249)664-4473x9,"5690 Antonio Road Suite 353, New Jennifermouth, IN 36408",2024-10-14,True,2026-01-05 15:19:13.325201,users_dataset.csv,2026-01-05
389.0,Jeffrey Stone,jacqueline99@example.org,(991)667-2844x1,"73647 Karen Mills Suite 737, South Brandyfurt, FM 92995",2023-05-25,True,2026-01-05 15:19:13.325201,users_dataset.csv,2026-01-05
390.0,Cynthia Ward,wendy30@example.com,3007383155,"873 Martha Land Suite 478, Lewismouth, NY 13528",2023-08-20,True,2026-01-05 15:19:13.325201,users_dataset.csv,2026-01-05
391.0,Karen Jones,kelly54@example.org,+1-882-844-6560,"84650 Tammy Crossroad Apt. 231, Barronmouth, ID 46465",2022-04-10,False,2026-01-05 15:19:13.325201,users_dataset.csv,2026-01-05
392.0,Dana Craig,christina36@example.org,+1-544-415-0741,"4758 Hardy Haven, Adamsport, OH 10960",2024-09-26,True,2026-01-05 15:19:13.325201,users_dataset.csv,2026-01-05
393.0,,jessicaking@example.net,862-325-5598x01,"84681 Jackson Crossing Suite 065, Delacruzberg, NC 13154",2024-04-06,True,2026-01-05 15:19:13.325201,users_dataset.csv,2026-01-05
394.0,Richard Carter,kristenhurley@example.com,429.570.0041x95,"63328 Jessica Corner Apt. 482, Lake Johnhaven, VT 82511",,True,2026-01-05 15:19:13.325201,users_dataset.csv,2026-01-05
395.0,Christy Jones,willie29@example.org,+1-985-870-9632,"208 Price Land, Simmonsview, AR 18329",2022-09-03,True,2026-01-05 15:19:13.325201,users_dataset.csv,2026-01-05
396.0,Colin Martinez,icastro@example.net,(327)239-3705,"87481 Kyle Skyway, North Lisamouth, AK 95021",2024-03-24,False,2026-01-05 15:19:13.325201,users_dataset.csv,2026-01-05
397.0,Rhonda Gordon,andrea85@example.com,975.606.1056x42,"8522 Smith Common Suite 804, East Melaniemouth, FL 48308",2024-04-20,False,2026-01-05 15:19:13.325201,users_dataset.csv,2026-01-05
398.0,Cynthia Chandler,kochmatthew@example.com,+1-454-353-1071,"475 Scott Centers, Adamshaven, ND 90088",2024-01-06,True,2026-01-05 15:19:13.325201,users_dataset.csv,2026-01-05
399.0,Derek Butler,zdecker@example.net,299.386.5783x23,"818 Holly Trail, South Victoriachester, LA 06627",2024-09-11,,2026-01-05 15:19:13.325201,users_dataset.csv,2026-01-05
,Michael Nelson,sanfordjessica@example.com,763.890.2776,"84413 Becky Passage, New Pamelabury, WI 96632",2022-05-24,True,2026-01-05 15:19:13.325201,users_dataset.csv,2026-01-05
401.0,,audreywallace@example.com,(483)470-1644,"3291 Wright Views, Josephhaven, TX 57398",,True,2026-01-05 15:19:13.325201,users_dataset.csv,2026-01-05
402.0,Cynthia Sosa,fdillon@example.com,450-710-6212x84,"40818 Samantha Mission Apt. 021, Jessicaview, ND 21961",2023-07-05,False,2026-01-05 15:19:13.325201,users_dataset.csv,2026-01-05
403.0,Nicholas Fernandez,aferrell@example.org,(659)523-3218,"04796 Young Place, West Angelaburgh, DE 59320",2024-08-12,True,2026-01-05 15:19:13.325201,users_dataset.csv,2026-01-05
404.0,Jennifer Garcia,jordanbrittany@example.com,(598)445-9733x2,"449 Russell Well, North Kristin, MN 12113",2022-05-10,True,2026-01-05 15:19:13.325201,users_dataset.csv,2026-01-05
405.0,Katie Elliott,linda05@example.com,(802)639-4602,"036 Young Rue Suite 403, Butlermouth, FL 62462",2024-08-17,True,2026-01-05 15:19:13.325201,users_dataset.csv,2026-01-05
406.0,David Johnson,ochapman@example.org,809.665.0663x88,"1395 Kevin Lights, New William, MH 27808",2024-08-03,False,2026-01-05 15:19:13.325201,users_dataset.csv,2026-01-05
407.0,Justin Melton,michellehuerta@example.org,001-931-535-337,"Unit 6347 Box 8538, DPO AP 24765",2023-12-26,True,2026-01-05 15:19:13.325201,users_dataset.csv,2026-01-05
408.0,Nicholas Davis,lgibson@example.org,385.309.9195,"897 Mccarthy Manors Suite 228, Williamborough, VT 23214",2023-07-04,True,2026-01-05 15:19:13.325201,users_dataset.csv,2026-01-05
409.0,William Lambert,allenjoseph@example.org,752-601-3542x23,"089 Knight Ranch Suite 833, East Thomasmouth, UT 79582",2022-02-21,False,2026-01-05 15:19:13.325201,users_dataset.csv,2026-01-05
410.0,Thomas Payne,ywilson@example.com,001-264-463-407,"71644 Bradley Garden, Barrymouth, ME 77162",2024-06-06,True,2026-01-05 15:19:13.325201,users_dataset.csv,2026-01-05
411.0,Cody Johnson,mercadodaniel@example.com,001-341-707-154,"6934 Stout Camp, New Kevin, RI 92047",2022-06-15,True,2026-01-05 15:19:13.325201,users_dataset.csv,2026-01-05
412.0,Briana Dominguez,hammondvalerie@example.com,888.297.6301x39,"4628 Hickman Springs, North Johnshire, CA 65585",,False,2026-01-05 15:19:13.325201,users_dataset.csv,2026-01-05
413.0,Morgan Reed,timothyshields@example.net,(404)618-1014,"715 Kristina Square Suite 223, Timothymouth, AR 53215",2022-06-10,False,2026-01-05 15:19:13.325201,users_dataset.csv,2026-01-05
414.0,Tanya Jones,susangarrett@example.org,883-846-5770,"865 Russell Camp, Kristopherton, DE 18353",2023-10-30,True,2026-01-05 15:19:13.325201,users_dataset.csv,2026-01-05
415.0,Paul Short,jasonsherman@example.net,001-446-905-875,"PSC 4556, Box 2523, APO AE 54402",2023-09-12,True,2026-01-05 15:19:13.325201,users_dataset.csv,2026-01-05
416.0,John Malone,,388-770-0232x42,"13469 Mariah Drives Suite 513, Thompsonville, MN 01290",2023-06-27,True,2026-01-05 15:19:13.325201,users_dataset.csv,2026-01-05
417.0,John Baker,,822.723.6013x10,"9571 Cory Skyway Apt. 162, North Dylan, CT 90861",2023-12-01,True,2026-01-05 15:19:13.325201,users_dataset.csv,2026-01-05
418.0,Cheryl Wells MD,,,"USNS Carey, FPO AA 73143",2023-08-09,True,2026-01-05 15:19:13.325201,users_dataset.csv,2026-01-05
419.0,Zachary Gonzalez,kellychristine@example.org,858.712.3946,"7863 Brandon Cove, North Michaelstad, IA 42254",2022-05-25,True,2026-01-05 15:19:13.325201,users_dataset.csv,2026-01-05
420.0,Howard Sullivan,nmiller@example.net,848.214.2710x75,"74994 Wright Square, Millerport, HI 73854",2022-08-17,True,2026-01-05 15:19:13.325201,users_dataset.csv,2026-01-05
421.0,Lisa Beltran,scottmcdonald@example.net,+1-856-701-2373,"85708 Figueroa Fall, Craigmouth, NV 46353",2023-06-18,True,2026-01-05 15:19:13.325201,users_dataset.csv,2026-01-05
422.0,Amy Crawford,brownandrea@example.com,(433)548-4437,"575 Melissa Mountains Suite 484, North Alexmouth, MO 30313",2024-08-11,True,2026-01-05 15:19:13.325201,users_dataset.csv,2026-01-05
,Fred Davis,houstonkevin@example.com,001-365-378-996,"0203 Jose Loop, Port Lindseyland, NY 86198",2023-11-27,True,2026-01-05 15:19:13.325201,users_dataset.csv,2026-01-05
424.0,Brian Yu,daniellopez@example.org,+1-279-832-6695,"655 Ross Parkways Apt. 897, Hoodville, NE 83020",2022-03-06,True,2026-01-05 15:19:13.325201,users_dataset.csv,2026-01-05
425.0,Samuel David,ashley25@example.org,510-338-0922,"89567 Nguyen Forks, Claytonton, MD 81464",2023-04-16,True,2026-01-05 15:19:13.325201,users_dataset.csv,2026-01-05
426.0,Spencer Dunlap,toddsmith@example.com,001-851-875-364,"PSC 4238, Box 3323, APO AE 52683",2023-02-21,True,2026-01-05 15:19:13.325201,users_dataset.csv,2026-01-05
427.0,Deborah Watson,danielstokes@example.com,976-323-1646x03,"471 Johnson Square Suite 083, Eddiestad, MS 36585",2023-09-19,True,2026-01-05 15:19:13.325201,users_dataset.csv,2026-01-05
428.0,Sara Brown,ashley95@example.net,409.445.6850,"73969 Sonia Greens, Taylorborough, NV 75757",2022-06-15,False,2026-01-05 15:19:13.325201,users_dataset.csv,2026-01-05
429.0,Karen Andrews,amy67@example.org,001-274-783-224,"280 Jackson Orchard Apt. 684, East Michaelhaven, TX 79891",2023-03-29,True,2026-01-05 15:19:13.325201,users_dataset.csv,2026-01-05
430.0,Rachel Hansen,garciakathleen@example.org,001-262-534-152,"357 Smith Burgs Apt. 273, Lake Elizabeth, OH 44088",2022-07-31,True,2026-01-05 15:19:13.325201,users_dataset.csv,2026-01-05
431.0,,igillespie@example.net,588.343.3939,"09437 Devin Oval, Karenport, ID 42205",2024-03-21,True,2026-01-05 15:19:13.325201,users_dataset.csv,2026-01-05
432.0,Gerald Walker,christopher50@example.org,994.535.8730x09,"757 Foley Village Apt. 750, Curtismouth, AL 45656",2023-04-26,True,2026-01-05 15:19:13.325201,users_dataset.csv,2026-01-05
433.0,Jeremy Schmitt,scottwilliams@example.org,001-269-521-623,"0358 Hernandez Field, Dominguezhaven, OH 84503",2024-08-30,True,2026-01-05 15:19:13.325201,users_dataset.csv,2026-01-05
434.0,Timothy Davis,zacharysmith@example.com,+1-426-554-1464,"7917 Wilkinson Stream Suite 236, Alexandraborough, WY 77837",2023-04-17,True,2026-01-05 15:19:13.325201,users_dataset.csv,2026-01-05
435.0,Kevin Wood,suzanne16@example.org,545.538.4843,"31072 Zamora Ford Apt. 631, New Cheyennetown, ND 56482",2023-07-03,True,2026-01-05 15:19:13.325201,users_dataset.csv,2026-01-05
436.0,Rebekah Smith,donald52@example.net,+1-570-916-3538,"156 Mendoza River, Shannonland, MN 44097",2024-05-22,True,2026-01-05 15:19:13.325201,users_dataset.csv,2026-01-05
437.0,Christopher Ruiz,xcampbell@example.org,001-790-912-479,"PSC 4373, Box 2937, APO AE 25478",2022-10-10,True,2026-01-05 15:19:13.325201,users_dataset.csv,2026-01-05
438.0,Tracy Dickson,tapiadesiree@example.org,,"9382 Ann Way Apt. 535, North Lisatown, ND 53974",2023-12-08,True,2026-01-05 15:19:13.325201,users_dataset.csv,2026-01-05
439.0,Andrew Johnson,madams@example.com,665.480.7080,"61338 Smith Way, Saraport, ND 09508",2022-09-24,True,2026-01-05 15:19:13.325201,users_dataset.csv,2026-01-05
440.0,Michelle Hayes,emilyerickson@example.com,001-488-231-877,"287 Rhonda Port Suite 751, Lake Cynthiaton, IN 70893",2022-10-07,True,2026-01-05 15:19:13.325201,users_dataset.csv,2026-01-05
441.0,Andrew Harmon,ntrujillo@example.net,255.616.7841x50,"86878 Judith Pike, South Randall, CT 22622",2022-06-07,True,2026-01-05 15:19:13.325201,users_dataset.csv,2026-01-05
442.0,Daniel Church,bellkristie@example.net,(836)500-2420,"8635 Jones Point Suite 408, North Andrewtown, TN 44339",2022-07-21,False,2026-01-05 15:19:13.325201,users_dataset.csv,2026-01-05
443.0,Dr. Matthew Erickson,bhill@example.org,732.365.1960x55,"61636 Michael Plain, Gonzalesside, PW 50372",2024-10-10,True,2026-01-05 15:19:13.325201,users_dataset.csv,2026-01-05
444.0,Joshua Snow,andrewherrera@example.net,(527)738-6408,"139 Potts Creek, Lake Kimberlyshire, AL 66546",2024-07-20,True,2026-01-05 15:19:13.325201,users_dataset.csv,2026-01-05
445.0,Micheal Lopez,pattersonashley@example.org,(646)732-6204x7,"82250 Stanton Knolls Apt. 108, Deborahstad, GA 06528",2024-04-16,True,2026-01-05 15:19:13.325201,users_dataset.csv,2026-01-05
446.0,Ms. Gloria Johnson,prodgers@example.com,+1-383-465-1778,"015 Stacy Club Apt. 606, Nancyshire, PA 72209",2023-11-10,False,2026-01-05 15:19:13.325201,users_dataset.csv,2026-01-05
447.0,Anthony Smith,randypalmer@example.org,843-798-2270x60,"Unit 6989 Box 3949, DPO AP 29378",2024-06-15,False,2026-01-05 15:19:13.325201,users_dataset.csv,2026-01-05
448.0,Amber Johnson,ryanflores@example.net,001-729-884-208,"USNS Miller, FPO AA 90748",2022-08-01,True,2026-01-05 15:19:13.325201,users_dataset.csv,2026-01-05
449.0,Jennifer Scott,tara06@example.com,001-834-376-298,"51500 Cline Springs, Amyborough, ID 79008",2022-11-27,True,2026-01-05 15:19:13.325201,users_dataset.csv,2026-01-05
450.0,David Suarez,eileen48@example.net,(440)478-7609,"34115 Benjamin Fork, Rubenland, KY 35071",2024-08-24,True,2026-01-05 15:19:13.325201,users_dataset.csv,2026-01-05
451.0,Peter Silva,johnscott@example.org,8427330295,"2786 Washington Lakes Apt. 200, Port Sherrifort, FL 58485",2024-10-10,True,2026-01-05 15:19:13.325201,users_dataset.csv,2026-01-05
452.0,Matthew Williams,garnertammy@example.com,(356)560-9999,"USCGC Adams, FPO AP 56410",2022-03-29,True,2026-01-05 15:19:13.325201,users_dataset.csv,2026-01-05
453.0,Ralph Gross,johnsonderrick@example.net,+1-694-470-6798,"PSC 1027, Box 1088, APO AP 20547",2022-08-29,True,2026-01-05 15:19:13.325201,users_dataset.csv,2026-01-05
454.0,Richard Reeves,mooredenise@example.org,460-943-5359x15,"3229 Cooper Mission, North Ryan, KS 13364",2024-05-19,False,2026-01-05 15:19:13.325201,users_dataset.csv,2026-01-05
455.0,Judith Cain DVM,lwhitney@example.net,(716)359-8988,"PSC 4917, Box 4325, APO AA 43419",2024-04-08,True,2026-01-05 15:19:13.325201,users_dataset.csv,2026-01-05
456.0,Elizabeth Thompson,harveypeter@example.com,647.705.0284x28,,2024-06-29,True,2026-01-05 15:19:13.325201,users_dataset.csv,2026-01-05
457.0,Stacie Caldwell,briansmith@example.org,777-837-2563,"159 Walker Fields, South Kimberly, WV 55678",2022-01-15,True,2026-01-05 15:19:13.325201,users_dataset.csv,2026-01-05
458.0,Raymond Pittman,amiller@example.org,737-574-8221,"59622 Davis Mission Apt. 718, Gloverport, VI 50816",2024-06-18,True,2026-01-05 15:19:13.325201,users_dataset.csv,2026-01-05
459.0,Deborah Oconnor,stephenssteven@example.net,562-968-5514x34,"531 Stephen Mountain Apt. 775, Port Christophermouth, AR 67592",2024-08-13,True,2026-01-05 15:19:13.325201,users_dataset.csv,2026-01-05
460.0,Joshua Lucero,shellyraymond@example.net,001-583-386-595,"1565 Michael Parkways, Ramosshire, SD 13830",2023-11-21,True,2026-01-05 15:19:13.325201,users_dataset.csv,2026-01-05
461.0,Scott Mckinney,porterwendy@example.com,001-362-924-564,"70897 Melanie Estates Suite 147, Morrishaven, AZ 66532",2022-01-05,True,2026-01-05 15:19:13.325201,users_dataset.csv,2026-01-05
462.0,Carl Hogan,brownashley@example.org,(715)991-6984,"USNV Howard, FPO AA 74606",2024-02-09,True,2026-01-05 15:19:13.325201,users_dataset.csv,2026-01-05
463.0,Lindsay Johnson,leachryan@example.net,+1-208-745-6581,"37871 Ryan Forest Suite 342, Amandaberg, AR 18011",2022-02-12,True,2026-01-05 15:19:13.325201,users_dataset.csv,2026-01-05
464.0,Mark Banks,jonscott@example.net,(761)452-2853,"9342 Alexis Park Apt. 547, New Sarahhaven, MS 92624",2024-09-29,True,2026-01-05 15:19:13.325201,users_dataset.csv,2026-01-05
465.0,Jillian Pierce,christopher07@example.com,001-692-706-252,"289 Laura Ford, West Michele, ID 81551",2024-05-10,False,2026-01-05 15:19:13.325201,users_dataset.csv,2026-01-05
466.0,Brianna Browning,michael86@example.org,9285058243,"65399 Jackson Keys, West Douglas, WI 82184",2022-09-29,True,2026-01-05 15:19:13.325201,users_dataset.csv,2026-01-05
467.0,Raven Hill,samanthadavis@example.org,+1-861-600-7863,"4262 James Crossroad Apt. 849, Lake Williamside, DC 47375",2022-11-17,True,2026-01-05 15:19:13.325201,users_dataset.csv,2026-01-05
468.0,Robert Gomez,,489-587-0500x26,"535 Baker Valleys Suite 524, Turnerport, NC 00832",2024-03-29,False,2026-01-05 15:19:13.325201,users_dataset.csv,2026-01-05
469.0,Melissa Grant,smithryan@example.com,688.697.7440x93,"7996 Stephanie Estate, North Christopher, MP 25460",2024-09-25,True,2026-01-05 15:19:13.325201,users_dataset.csv,2026-01-05
470.0,Allison Russell,tlopez@example.org,(715)655-8345,"289 Morgan Stream Suite 709, Shawburgh, DE 60167",2023-01-30,False,2026-01-05 15:19:13.325201,users_dataset.csv,2026-01-05
471.0,Gary Mcdonald,ocook@example.org,9836123186,,2023-01-19,True,2026-01-05 15:19:13.325201,users_dataset.csv,2026-01-05
472.0,Randall Randolph,virginiachambers@example.com,,"USNV Carter, FPO AA 57105",2022-01-31,False,2026-01-05 15:19:13.325201,users_dataset.csv,2026-01-05
473.0,David Christensen,bryanchristine@example.net,547-214-9220x71,"06696 Munoz Mews Apt. 260, Brittanyview, PA 56274",2023-09-09,True,2026-01-05 15:19:13.325201,users_dataset.csv,2026-01-05
474.0,Eric Smith,catherinewells@example.com,001-848-720-503,"56827 Jason Ramp, East Jenniferstad, NE 85358",,False,2026-01-05 15:19:13.325201,users_dataset.csv,2026-01-05
475.0,Colton Sanders,allenchristopher@example.net,293.767.0580x26,"8025 Mary Orchard, South Jacobchester, PA 63314",2023-10-30,True,2026-01-05 15:19:13.325201,users_dataset.csv,2026-01-05
476.0,John Patel,chanjoshua@example.com,001-683-591-221,"54666 Robert Field Suite 689, North Amandaport, ME 99056",2023-10-01,False,2026-01-05 15:19:13.325201,users_dataset.csv,2026-01-05
477.0,Mrs. Leslie Watson,michael94@example.org,475-709-0691x79,"Unit 1851 Box 2102, DPO AP 72266",,True,2026-01-05 15:19:13.325201,users_dataset.csv,2026-01-05
478.0,Joshua Hubbard,bowmanjames@example.com,959-619-7335,"2930 Lopez Street, East Nicoleport, GA 27402",2023-09-14,True,2026-01-05 15:19:13.325201,users_dataset.csv,2026-01-05
479.0,Jessica Ward,melaniecampbell@example.com,6563973204,"46549 Nguyen Fork Apt. 646, Port Nathanielview, DE 25532",2023-07-01,False,2026-01-05 15:19:13.325201,users_dataset.csv,2026-01-05
480.0,Andrea Boone,jmiller@example.net,(847)484-9087x1,"703 Joshua Place Suite 094, Michaelburgh, TX 48642",2024-02-13,True,2026-01-05 15:19:13.325201,users_dataset.csv,2026-01-05
481.0,Joshua Ross,bryanturner@example.org,(489)436-5457x5,"400 Myers Isle Apt. 403, West Erikmouth, SC 48520",2024-01-30,True,2026-01-05 15:19:13.325201,users_dataset.csv,2026-01-05
482.0,Dana Ayers,rodriguezchloe@example.com,+1-846-573-7011,"1440 Walsh Rest Apt. 262, East Christophermouth, TX 15171",2022-03-31,True,2026-01-05 15:19:13.325201,users_dataset.csv,2026-01-05
483.0,John Singleton,shill@example.com,+1-288-791-1618,"455 Jennifer Route Suite 714, Port Taylor, RI 95251",2024-07-21,True,2026-01-05 15:19:13.325201,users_dataset.csv,2026-01-05
484.0,Michael Villarreal,clementsjimmy@example.org,3392806932,"1959 Hoffman Station, Lake Heatherstad, MS 30957",2023-06-29,True,2026-01-05 15:19:13.325201,users_dataset.csv,2026-01-05
485.0,Laura Franklin,carrollsarah@example.org,768.619.0526,"496 Butler Knoll Suite 691, Priceville, WA 67697",2024-05-13,True,2026-01-05 15:19:13.325201,users_dataset.csv,2026-01-05
486.0,Donna Cruz,erikawhite@example.com,(269)815-5198x8,"36593 Cody Pass, East Jacqueline, PA 30654",2024-10-01,False,2026-01-05 15:19:13.325201,users_dataset.csv,2026-01-05
487.0,Timothy Lewis,rflores@example.net,001-787-382-933,"8917 Arthur Mountains, Youngberg, NY 19574",2022-11-17,True,2026-01-05 15:19:13.325201,users_dataset.csv,2026-01-05
488.0,Abigail Anderson,cassandra73@example.com,201-780-1615x04,"Unit 7811 Box 6718, DPO AA 90446",2023-06-20,True,2026-01-05 15:19:13.325201,users_dataset.csv,2026-01-05
489.0,Mr. Robert Roberts,fcurtis@example.com,370.321.2280,"3852 Richardson Village Apt. 886, Emilybury, AL 60233",2023-07-25,False,2026-01-05 15:19:13.325201,users_dataset.csv,2026-01-05
490.0,Stacey Montgomery,donaldmathis@example.com,951-213-0214x02,"171 Brady Prairie Apt. 432, South Victor, WI 39832",2024-02-23,False,2026-01-05 15:19:13.325201,users_dataset.csv,2026-01-05
491.0,Charles Gentry,nchavez@example.com,+1-668-943-5477,"251 Cole Shoals, New Chrisville, SD 83810",2023-01-08,True,2026-01-05 15:19:13.325201,users_dataset.csv,2026-01-05
492.0,Laura Green,xconway@example.com,427-771-6108,"7426 Palmer Fall, Port Christinefurt, PW 12515",2022-08-10,True,2026-01-05 15:19:13.325201,users_dataset.csv,2026-01-05
493.0,Katelyn Walton,edwardswilliam@example.org,525-281-8168,"Unit 6721 Box 9702, DPO AE 87555",2022-07-17,True,2026-01-05 15:19:13.325201,users_dataset.csv,2026-01-05
494.0,Jennifer Ortiz,diazdalton@example.net,(612)355-9909,"32232 Nelson Way, North Josephside, LA 33156",2022-04-10,True,2026-01-05 15:19:13.325201,users_dataset.csv,2026-01-05
495.0,Lynn Kerr,lynnyoung@example.org,7436103962,"401 Mitchell Ports, New William, MS 94766",2022-04-22,True,2026-01-05 15:19:13.325201,users_dataset.csv,2026-01-05
496.0,William Lee,fbenitez@example.com,956-948-7019,"0393 Davis Vista, West Ericaport, PR 47393",2022-05-03,True,2026-01-05 15:19:13.325201,users_dataset.csv,2026-01-05
497.0,Jennifer Walker,michellecombs@example.net,584-437-5383,"9123 Andrew Lights, North Stephaniemouth, AS 51697",2023-12-06,True,2026-01-05 15:19:13.325201,users_dataset.csv,2026-01-05
498.0,Emily Smith,xrice@example.net,990-696-8454x79,"USNS Ward, FPO AE 43492",2022-06-12,True,2026-01-05 15:19:13.325201,users_dataset.csv,2026-01-05
499.0,Brian Garcia,rita95@example.com,287-392-1578,"Unit 5993 Box 5499, DPO AP 45316",2024-10-14,False,2026-01-05 15:19:13.325201,users_dataset.csv,2026-01-05
500.0,Alan Smith,adamsbrad@example.net,001-477-646-027,"45649 Mcdowell Turnpike Suite 326, West Ryan, IN 56499",2022-06-10,False,2026-01-05 15:19:13.325201,users_dataset.csv,2026-01-05
232.0,Angela Burton,mlowe@example.org,+1-235-809-2727,"426 Lisa Junctions Suite 891, Port Brian, IA 41865",2022-05-11,True,2026-01-05 15:19:13.325201,users_dataset.csv,2026-01-05
445.0,Micheal Lopez,pattersonashley@example.org,(646)732-6204x7,"82250 Stanton Knolls Apt. 108, Deborahstad, GA 06528",2024-04-16,True,2026-01-05 15:19:13.325201,users_dataset.csv,2026-01-05
155.0,Kelly Woodward,mcdonaldkathleen@example.org,3226284098,"5103 Brent Hill, East Noahhaven, AL 18447",2023-08-01,False,2026-01-05 15:19:13.325201,users_dataset.csv,2026-01-05
138.0,Heather Cowan,sarah88@example.org,(325)206-1937,"1923 Huynh Club Apt. 445, Myersview, CA 37410",2023-02-25,True,2026-01-05 15:19:13.325201,users_dataset.csv,2026-01-05
145.0,Robert Tyler,perezroy@example.net,397.309.9717,"5057 Richard Wells Apt. 615, Hartport, OH 61352",2023-06-13,True,2026-01-05 15:19:13.325201,users_dataset.csv,2026-01-05
129.0,Benjamin Hester,lrussell@example.com,001-475-857-773,"6237 Berry River, Barbaraburgh, GU 04613",2023-08-05,True,2026-01-05 15:19:13.325201,users_dataset.csv,2026-01-05
210.0,Paul Perry,towen@example.net,+1-242-557-9633,"09570 Alyssa Lights Apt. 518, Garciaborough, WA 65168",2024-08-13,True,2026-01-05 15:19:13.325201,users_dataset.csv,2026-01-05
106.0,Joel Allen,paulareyes@example.net,+1-513-697-7223,"3084 Williams Point Apt. 389, Arielville, FM 86661",2024-09-07,True,2026-01-05 15:19:13.325201,users_dataset.csv,2026-01-05
338.0,Zoe Carr,ianwatson@example.net,+1-638-293-6246,"8175 Lisa Hills Apt. 165, Susanside, NY 11722",2022-08-29,True,2026-01-05 15:19:13.325201,users_dataset.csv,2026-01-05
236.0,Tyrone Stanton,lindafox@example.net,001-886-798-425,"1437 Duarte Pine, South Sandra, ME 87526",2023-12-29,True,2026-01-05 15:19:13.325201,users_dataset.csv,2026-01-05
487.0,Timothy Lewis,rflores@example.net,001-787-382-933,"8917 Arthur Mountains, Youngberg, NY 19574",2022-11-17,True,2026-01-05 15:19:13.325201,users_dataset.csv,2026-01-05
185.0,###typo,williamferrell@example.org,+1-855-666-6451,"01731 King Union, Jamesborough, VT 19691",2022-04-30,True,2026-01-05 15:19:13.325201,users_dataset.csv,2026-01-05
405.0,Katie Elliott,linda05@example.com,(802)639-4602,"036 Young Rue Suite 403, Butlermouth, FL 62462",2024-08-17,True,2026-01-05 15:19:13.325201,users_dataset.csv,2026-01-05
469.0,Melissa Grant,smithryan@example.com,688.697.7440x93,"7996 Stephanie Estate, North Christopher, MP 25460",2024-09-25,True,2026-01-05 15:19:13.325201,users_dataset.csv,2026-01-05
182.0,Brittany Henry,jamesgray@example.com,(232)397-3399x5,"067 Heidi Street Apt. 226, Chenland, MO 39326",,True,2026-01-05 15:19:13.325201,users_dataset.csv,2026-01-05
38.0,Chase Gutierrez,gevans@example.net,001-457-305-187,"8257 Anna Fall, Carrollport, CO 88988",2022-07-15,True,2026-01-05 15:19:13.325201,users_dataset.csv,2026-01-05
480.0,Andrea Boone,jmiller@example.net,(847)484-9087x1,"703 Joshua Place Suite 094, Michaelburgh, TX 48642",2024-02-13,True,2026-01-05 15:19:13.325201,users_dataset.csv,2026-01-05
472.0,Randall Randolph,virginiachambers@example.com,5919608623,"USNV Carter, FPO AA 57105",2022-01-31,False,2026-01-05 15:19:13.325201,users_dataset.csv,2026-01-05
486.0,Donna Cruz,erikawhite@example.com,(269)815-5198x8,"36593 Cody Pass, East Jacqueline, PA 30654",2024-10-01,False,2026-01-05 15:19:13.325201,users_dataset.csv,2026-01-05
160.0,Joel Moore,tyler80@example.com,001-352-670-270,"99490 Rachel Extension, Waterstown, TX 42506",2022-10-21,True,2026-01-05 15:19:13.325201,users_dataset.csv,2026-01-05
312.0,Brandon Scott,michelle32@example.net,787-403-4310x43,"972 Adams Summit Apt. 896, Connieland, LA 11279",2022-02-03,True,2026-01-05 15:19:13.325201,users_dataset.csv,2026-01-05
125.0,Alexander Miller,yhardy@example.com,001-250-716-307,"USNS Short, FPO AA 73799",2023-11-29,True,2026-01-05 15:19:13.325201,users_dataset.csv,2026-01-05
373.0,Wanda Hansen,cknight@example.com,001-980-513-525,"18300 Shannon Views, Smithbury, FM 97892",2022-11-27,True,2026-01-05 15:19:13.325201,users_dataset.csv,2026-01-05
27.0,Ashley Compton,,,"2464 Jimmy Harbor, Lake Andrea, WA 42286",2022-01-26,True,2026-01-05 15:19:13.325201,users_dataset.csv,2026-01-05
249.0,Ana Dunn DDS,qerickson@example.com,(933)535-4005,"Unit 1097 Box 8073, DPO AE 68139",2023-06-18,False,2026-01-05 15:19:13.325201,users_dataset.csv,2026-01-05
